doc_id,priming,generic,token_limit,seed,run_key,adjusted_domain_f1,adjusted_domain_precision,adjusted_domain_recall,adjusted_f1,adjusted_method_f1,adjusted_method_precision,adjusted_method_recall,adjusted_precision,adjusted_recall,domain_coverage,domain_f1,domain_precision,domain_recall,f1,method_coverage,method_f1,method_precision,method_recall,precision,recall
54457603,False,False,750,1,"54457603/general_config.generic_type_allowance=False,general_config.priming=False,general_config.token_limit=750/seed=1/54457603/eval_results/eval_metrics.yml",0.3157894736842105,0.375,0.2727272727272727,0.3087248322147651,0.3076923076923077,0.4,0.25,0.39655172413793105,0.25274725274725274,0.2727272727272727,0.2727272727272727,0.375,0.21428571428571427,0.2690058479532164,0.25,0.2684563758389262,0.4,0.20202020202020202,0.39655172413793105,0.20353982300884957
54457603,False,False,750,2,"54457603/general_config.generic_type_allowance=False,general_config.priming=False,general_config.token_limit=750/seed=2/54457603/eval_results/eval_metrics.yml",0.36363636363636365,0.36363636363636365,0.36363636363636365,0.4347826086956522,0.44604316546762585,0.5344827586206896,0.38271604938271603,0.5072463768115942,0.3804347826086957,0.36363636363636365,0.30769230769230765,0.36363636363636365,0.26666666666666666,0.3541666666666667,0.375,0.3614457831325302,0.5172413793103449,0.2777777777777778,0.4927536231884058,0.2764227642276423
54457603,False,False,750,0,"54457603/general_config.generic_type_allowance=False,general_config.priming=False,general_config.token_limit=750/seed=0/54457603/eval_results/eval_metrics.yml",0.36363636363636365,0.36363636363636365,0.36363636363636365,0.42767295597484273,0.43795620437956206,0.5357142857142857,0.37037037037037035,0.5074626865671642,0.3695652173913043,0.36363636363636365,0.30769230769230765,0.36363636363636365,0.26666666666666666,0.34920634920634924,0.3625,0.35582822085889565,0.5178571428571429,0.27102803738317754,0.4925373134328358,0.27049180327868855
54457603,True,False,750,1,"54457603/general_config.generic_type_allowance=False,general_config.priming=True,general_config.token_limit=750/seed=1/54457603/eval_results/eval_metrics.yml",0.1904761904761905,0.2,0.18181818181818182,0.3428571428571428,0.3697478991596639,0.5641025641025641,0.275,0.4897959183673469,0.26373626373626374,0.18181818181818182,0.17391304347826086,0.2,0.15384615384615385,0.2926829268292683,0.275,0.3120567375886525,0.5641025641025641,0.21568627450980393,0.4897959183673469,0.20869565217391303
54457603,True,False,750,2,"54457603/general_config.generic_type_allowance=False,general_config.priming=True,general_config.token_limit=750/seed=2/54457603/eval_results/eval_metrics.yml",0.2105263157894737,0.25,0.18181818181818182,0.2878787878787879,0.30088495575221236,0.53125,0.20987654320987653,0.475,0.20652173913043478,0.18181818181818182,0.1904761904761905,0.25,0.15384615384615385,0.24489795918367346,0.2,0.25396825396825395,0.5,0.1702127659574468,0.45,0.16822429906542055
54457603,True,False,750,0,"54457603/general_config.generic_type_allowance=False,general_config.priming=True,general_config.token_limit=750/seed=0/54457603/eval_results/eval_metrics.yml",0.19999999999999998,0.2222222222222222,0.18181818181818182,0.3134328358208955,0.3333333333333333,0.5588235294117647,0.2375,0.4883720930232558,0.23076923076923078,0.18181818181818182,0.18181818181818185,0.2222222222222222,0.15384615384615385,0.27096774193548384,0.2375,0.2857142857142857,0.5588235294117647,0.1919191919191919,0.4883720930232558,0.1875
54457603,True,False,1000,1,"54457603/general_config.generic_type_allowance=False,general_config.priming=True,general_config.token_limit=1000/seed=1/54457603/eval_results/eval_metrics.yml",0.43478260869565216,0.4166666666666667,0.45454545454545453,0.2698412698412698,0.23300970873786406,0.5217391304347826,0.15,0.4857142857142857,0.18681318681318682,0.45454545454545453,0.35714285714285715,0.4166666666666667,0.3125,0.2377622377622378,0.15,0.20869565217391303,0.5217391304347826,0.13043478260869565,0.4857142857142857,0.1574074074074074
54457603,True,False,1000,2,"54457603/general_config.generic_type_allowance=False,general_config.priming=True,general_config.token_limit=1000/seed=2/54457603/eval_results/eval_metrics.yml",0.24999999999999994,0.23076923076923078,0.2727272727272727,0.2706766917293233,0.27522935779816515,0.5172413793103449,0.1875,0.42857142857142855,0.1978021978021978,0.2727272727272727,0.22222222222222224,0.23076923076923078,0.21428571428571427,0.24,0.1875,0.2439024390243902,0.5172413793103449,0.1595744680851064,0.42857142857142855,0.16666666666666666
54457603,True,False,1000,0,"54457603/general_config.generic_type_allowance=False,general_config.priming=True,general_config.token_limit=1000/seed=0/54457603/eval_results/eval_metrics.yml",0.24999999999999994,0.23076923076923078,0.2727272727272727,0.25757575757575757,0.25925925925925924,0.5,0.175,0.4146341463414634,0.18681318681318682,0.2727272727272727,0.22222222222222224,0.23076923076923078,0.21428571428571427,0.22972972972972971,0.175,0.23140495867768596,0.5,0.15053763440860216,0.4146341463414634,0.1588785046728972
54457603,False,True,1000,1,"54457603/general_config.generic_type_allowance=True,general_config.priming=False,general_config.token_limit=1000/seed=1/54457603/eval_results/eval_metrics.yml",0.3157894736842105,0.375,0.2727272727272727,0.32748538011695905,0.32894736842105265,0.373134328358209,0.29411764705882354,0.37333333333333335,0.2916666666666667,0.2727272727272727,0.2727272727272727,0.375,0.21428571428571427,0.2446808510638298,0.25,0.24096385542168675,0.29850746268656714,0.20202020202020202,0.30666666666666664,0.20353982300884957
54457603,False,True,1000,2,"54457603/general_config.generic_type_allowance=True,general_config.priming=False,general_config.token_limit=1000/seed=2/54457603/eval_results/eval_metrics.yml",0.27586206896551724,0.2222222222222222,0.36363636363636365,0.42236024844720493,0.4545454545454545,0.6122448979591837,0.3614457831325301,0.5074626865671642,0.3617021276595745,0.36363636363636365,0.2424242424242424,0.2222222222222222,0.26666666666666666,0.3297872340425531,0.3375,0.3483870967741935,0.5510204081632653,0.25471698113207547,0.4626865671641791,0.256198347107438
54457603,False,True,1000,0,"54457603/general_config.generic_type_allowance=True,general_config.priming=False,general_config.token_limit=1000/seed=0/54457603/eval_results/eval_metrics.yml",0.36363636363636365,0.36363636363636365,0.36363636363636365,0.3827160493827161,0.3857142857142857,0.47368421052631576,0.3253012048192771,0.45588235294117646,0.32978723404255317,0.36363636363636365,0.30769230769230765,0.36363636363636365,0.26666666666666666,0.30270270270270266,0.3,0.3018867924528302,0.42105263157894735,0.23529411764705882,0.4117647058823529,0.23931623931623933
54457603,True,False,250,1,"54457603/general_config.generic_type_allowance=False,general_config.priming=True,general_config.token_limit=250/seed=1/54457603/eval_results/eval_metrics.yml",0.3448275862068966,0.2777777777777778,0.45454545454545453,0.4197530864197531,0.4360902255639097,0.5576923076923077,0.35802469135802467,0.4857142857142857,0.3695652173913043,0.45454545454545453,0.29411764705882354,0.2777777777777778,0.3125,0.34020618556701027,0.35,0.35000000000000003,0.5384615384615384,0.25925925925925924,0.4714285714285714,0.2661290322580645
54457603,True,False,250,2,"54457603/general_config.generic_type_allowance=False,general_config.priming=True,general_config.token_limit=250/seed=2/54457603/eval_results/eval_metrics.yml",0.23076923076923075,0.2,0.2727272727272727,0.36486486486486486,0.3934426229508196,0.5714285714285714,0.3,0.47368421052631576,0.2967032967032967,0.2727272727272727,0.20689655172413796,0.2,0.21428571428571427,0.30857142857142855,0.3,0.3287671232876712,0.5714285714285714,0.23076923076923078,0.47368421052631576,0.2288135593220339
54457603,True,False,250,0,"54457603/general_config.generic_type_allowance=False,general_config.priming=True,general_config.token_limit=250/seed=0/54457603/eval_results/eval_metrics.yml",0.48000000000000004,0.46153846153846156,0.5,0.41025641025641024,0.39694656488549623,0.5098039215686274,0.325,0.5,0.34782608695652173,0.45454545454545453,0.3448275862068966,0.38461538461538464,0.3125,0.33333333333333337,0.325,0.33121019108280253,0.5098039215686274,0.24528301886792453,0.484375,0.2540983606557377
54457603,True,True,1000,1,"54457603/general_config.generic_type_allowance=True,general_config.priming=True,general_config.token_limit=1000/seed=1/54457603/eval_results/eval_metrics.yml",0.45454545454545453,0.45454545454545453,0.45454545454545453,0.34246575342465757,0.3225806451612903,0.45454545454545453,0.25,0.45454545454545453,0.27472527472527475,0.45454545454545453,0.3703703703703703,0.45454545454545453,0.3125,0.29239766081871343,0.25,0.2777777777777778,0.45454545454545453,0.2,0.45454545454545453,0.21551724137931033
54457603,True,True,1000,2,"54457603/general_config.generic_type_allowance=True,general_config.priming=True,general_config.token_limit=1000/seed=2/54457603/eval_results/eval_metrics.yml",0.3703703703703703,0.3125,0.45454545454545453,0.31428571428571433,0.30088495575221236,0.5151515151515151,0.2125,0.4489795918367347,0.24175824175824176,0.45454545454545453,0.3125,0.3125,0.3125,0.2716049382716049,0.2125,0.2615384615384615,0.5151515151515151,0.17525773195876287,0.4489795918367347,0.19469026548672566
54457603,True,True,1000,0,"54457603/general_config.generic_type_allowance=True,general_config.priming=True,general_config.token_limit=1000/seed=0/54457603/eval_results/eval_metrics.yml",0.2222222222222222,0.2857142857142857,0.18181818181818182,0.21138211382113822,0.20952380952380953,0.44,0.1375,0.40625,0.14285714285714285,0.18181818181818182,0.2,0.2857142857142857,0.15384615384615385,0.1925925925925926,0.1375,0.19130434782608696,0.44,0.12222222222222222,0.40625,0.1262135922330097
54457603,True,True,250,1,"54457603/general_config.generic_type_allowance=True,general_config.priming=True,general_config.token_limit=250/seed=1/54457603/eval_results/eval_metrics.yml",0.42857142857142855,0.375,0.5,0.5170731707317073,0.5310734463276836,0.49473684210526314,0.573170731707317,0.4774774774774775,0.5638297872340425,0.45454545454545453,0.3125,0.3125,0.3125,0.40160642570281124,0.5625,0.4147465437788018,0.47368421052631576,0.36885245901639346,0.45045045045045046,0.36231884057971014
54457603,True,True,250,2,"54457603/general_config.generic_type_allowance=True,general_config.priming=True,general_config.token_limit=250/seed=2/54457603/eval_results/eval_metrics.yml",0.3703703703703703,0.3125,0.45454545454545453,0.5188679245283019,0.5405405405405406,0.4807692307692308,0.6172839506172839,0.4583333333333333,0.5978260869565217,0.45454545454545453,0.3125,0.3125,0.3125,0.4090909090909091,0.6125,0.42241379310344823,0.47115384615384615,0.3828125,0.45,0.375
54457603,True,True,250,0,"54457603/general_config.generic_type_allowance=True,general_config.priming=True,general_config.token_limit=250/seed=0/54457603/eval_results/eval_metrics.yml",0.2631578947368421,0.18518518518518517,0.45454545454545453,0.46874999999999994,0.5194805194805195,0.5555555555555556,0.4878048780487805,0.45454545454545453,0.4838709677419355,0.45454545454545453,0.2325581395348837,0.18518518518518517,0.3125,0.3690987124463519,0.475,0.4,0.5277777777777778,0.3220338983050847,0.43434343434343436,0.3208955223880597
54457603,False,True,250,1,"54457603/general_config.generic_type_allowance=True,general_config.priming=False,general_config.token_limit=250/seed=1/54457603/eval_results/eval_metrics.yml",0.48780487804878053,0.35714285714285715,0.7692307692307693,0.5655737704918032,0.5812807881773399,0.5086206896551724,0.6781609195402298,0.4791666666666667,0.69,0.7272727272727273,0.3404255319148936,0.2857142857142857,0.42105263157894735,0.4095563139931741,0.65,0.42276422764227645,0.4482758620689655,0.4,0.4166666666666667,0.40268456375838924
54457603,False,True,250,2,"54457603/general_config.generic_type_allowance=True,general_config.priming=False,general_config.token_limit=250/seed=2/54457603/eval_results/eval_metrics.yml",0.5384615384615385,0.4666666666666667,0.6363636363636364,0.5485232067510548,0.5497630331753555,0.46774193548387094,0.6666666666666666,0.4676258992805755,0.6632653061224489,0.6363636363636364,0.42424242424242425,0.4666666666666667,0.3888888888888889,0.40559440559440557,0.6375,0.4031620553359684,0.4112903225806452,0.3953488372093023,0.4172661870503597,0.3945578231292517
54457603,False,True,250,0,"54457603/general_config.generic_type_allowance=True,general_config.priming=False,general_config.token_limit=250/seed=0/54457603/eval_results/eval_metrics.yml",0.4761904761904762,0.38461538461538464,0.625,0.623574144486692,0.6515837104072398,0.6153846153846154,0.6923076923076923,0.5734265734265734,0.6833333333333333,0.45454545454545453,0.2380952380952381,0.19230769230769232,0.3125,0.37192982456140355,0.6,0.39506172839506165,0.41025641025641024,0.38095238095238093,0.3706293706293706,0.3732394366197183
54457603,True,True,750,1,"54457603/general_config.generic_type_allowance=True,general_config.priming=True,general_config.token_limit=750/seed=1/54457603/eval_results/eval_metrics.yml",0.25000000000000006,0.4,0.18181818181818182,0.3428571428571428,0.3548387096774194,0.5,0.275,0.4897959183673469,0.26373626373626374,0.18181818181818182,0.2222222222222222,0.4,0.15384615384615385,0.29447852760736193,0.275,0.30344827586206896,0.5,0.21782178217821782,0.4897959183673469,0.21052631578947367
54457603,True,True,750,2,"54457603/general_config.generic_type_allowance=True,general_config.priming=True,general_config.token_limit=750/seed=2/54457603/eval_results/eval_metrics.yml",0.28571428571428564,0.3,0.2727272727272727,0.338235294117647,0.34782608695652173,0.5714285714285714,0.25,0.5111111111111111,0.25274725274725274,0.2727272727272727,0.25,0.3,0.21428571428571427,0.2911392405063291,0.25,0.29850746268656714,0.5714285714285714,0.20202020202020202,0.5111111111111111,0.20353982300884957
54457603,True,True,750,0,"54457603/general_config.generic_type_allowance=True,general_config.priming=True,general_config.token_limit=750/seed=0/54457603/eval_results/eval_metrics.yml",0.2105263157894737,0.25,0.18181818181818182,0.3181818181818182,0.336283185840708,0.5757575757575758,0.2375,0.5121951219512195,0.23076923076923078,0.18181818181818182,0.1904761904761905,0.25,0.15384615384615385,0.2763157894736842,0.2375,0.2900763358778626,0.5757575757575758,0.19387755102040816,0.5121951219512195,0.1891891891891892
54457603,False,True,500,1,"54457603/general_config.generic_type_allowance=True,general_config.priming=False,general_config.token_limit=500/seed=1/54457603/eval_results/eval_metrics.yml",0.43478260869565216,0.45454545454545453,0.4166666666666667,0.5226130653266331,0.5340909090909091,0.5222222222222223,0.5465116279069767,0.5148514851485149,0.5306122448979592,0.36363636363636365,0.30769230769230765,0.36363636363636365,0.26666666666666666,0.3813559322033898,0.5125,0.3904761904761904,0.45555555555555555,0.3416666666666667,0.44554455445544555,0.3333333333333333
54457603,False,True,500,2,"54457603/general_config.generic_type_allowance=True,general_config.priming=False,general_config.token_limit=500/seed=2/54457603/eval_results/eval_metrics.yml",0.4,0.38461538461538464,0.4166666666666667,0.46486486486486484,0.475,0.4810126582278481,0.4691358024691358,0.4673913043478261,0.46236559139784944,0.36363636363636365,0.28571428571428575,0.3076923076923077,0.26666666666666666,0.36771300448430494,0.4625,0.3794871794871795,0.46835443037974683,0.31896551724137934,0.44565217391304346,0.31297709923664124
54457603,False,True,500,0,"54457603/general_config.generic_type_allowance=True,general_config.priming=False,general_config.token_limit=500/seed=0/54457603/eval_results/eval_metrics.yml",0.43478260869565216,0.45454545454545453,0.4166666666666667,0.4999999999999999,0.5093167701863354,0.5394736842105263,0.4823529411764706,0.5287356321839081,0.4742268041237113,0.36363636363636365,0.30769230769230765,0.36363636363636365,0.26666666666666666,0.37037037037037035,0.45,0.3789473684210526,0.47368421052631576,0.3157894736842105,0.45977011494252873,0.31007751937984496
54457603,False,False,250,1,"54457603/general_config.generic_type_allowance=False,general_config.priming=False,general_config.token_limit=250/seed=1/54457603/eval_results/eval_metrics.yml",0.4444444444444444,0.36363636363636365,0.5714285714285714,0.4884792626728111,0.4972375690607735,0.46875,0.5294117647058824,0.4491525423728814,0.5353535353535354,0.45454545454545453,0.2631578947368421,0.22727272727272727,0.3125,0.35999999999999993,0.5,0.37735849056603776,0.4166666666666667,0.3448275862068966,0.3813559322033898,0.3409090909090909
54457603,False,False,250,2,"54457603/general_config.generic_type_allowance=False,general_config.priming=False,general_config.token_limit=250/seed=2/54457603/eval_results/eval_metrics.yml",0.3157894736842105,0.23076923076923078,0.5,0.5238095238095237,0.5697674418604651,0.5568181818181818,0.5833333333333334,0.4824561403508772,0.5729166666666666,0.45454545454545453,0.2380952380952381,0.19230769230769232,0.3125,0.3968253968253968,0.5625,0.4285714285714286,0.5113636363636364,0.36885245901639346,0.43859649122807015,0.36231884057971014
54457603,False,False,250,0,"54457603/general_config.generic_type_allowance=False,general_config.priming=False,general_config.token_limit=250/seed=0/54457603/eval_results/eval_metrics.yml",0.41666666666666663,0.38461538461538464,0.45454545454545453,0.5428571428571429,0.5591397849462367,0.5252525252525253,0.5977011494252874,0.5089285714285714,0.5816326530612245,0.45454545454545453,0.3448275862068966,0.38461538461538464,0.3125,0.39840637450199207,0.5625,0.40540540540540543,0.45454545454545453,0.36585365853658536,0.44642857142857145,0.3597122302158273
54457603,False,True,750,1,"54457603/general_config.generic_type_allowance=True,general_config.priming=False,general_config.token_limit=750/seed=1/54457603/eval_results/eval_metrics.yml",0.3529411764705882,0.5,0.2727272727272727,0.35294117647058826,0.3529411764705882,0.42857142857142855,0.3,0.43548387096774194,0.2967032967032967,0.2727272727272727,0.3,0.5,0.21428571428571427,0.3050847457627119,0.3,0.3057324840764331,0.42857142857142855,0.2376237623762376,0.43548387096774194,0.23478260869565218
54457603,False,True,750,2,"54457603/general_config.generic_type_allowance=True,general_config.priming=False,general_config.token_limit=750/seed=2/54457603/eval_results/eval_metrics.yml",0.3529411764705882,0.5,0.2727272727272727,0.3950617283950617,0.39999999999999997,0.453125,0.35802469135802467,0.45714285714285713,0.34782608695652173,0.2727272727272727,0.3,0.5,0.21428571428571427,0.3280423280423281,0.35,0.33136094674556216,0.4375,0.26666666666666666,0.44285714285714284,0.2605042016806723
54457603,False,True,750,0,"54457603/general_config.generic_type_allowance=True,general_config.priming=False,general_config.token_limit=750/seed=0/54457603/eval_results/eval_metrics.yml",0.33333333333333326,0.42857142857142855,0.2727272727272727,0.3717948717948718,0.3768115942028986,0.4482758620689655,0.325,0.4461538461538462,0.31868131868131866,0.2727272727272727,0.2857142857142857,0.42857142857142855,0.21428571428571427,0.3186813186813187,0.325,0.32298136645962733,0.4482758620689655,0.2524271844660194,0.4461538461538462,0.24786324786324787
54457603,True,False,500,1,"54457603/general_config.generic_type_allowance=False,general_config.priming=True,general_config.token_limit=500/seed=1/54457603/eval_results/eval_metrics.yml",0.2608695652173913,0.25,0.2727272727272727,0.41558441558441556,0.4427480916030534,0.5686274509803921,0.3625,0.5079365079365079,0.3516483516483517,0.2727272727272727,0.23076923076923075,0.25,0.21428571428571427,0.34972677595628415,0.3625,0.36942675159235666,0.5686274509803921,0.27358490566037735,0.5079365079365079,0.26666666666666666
54457603,True,False,500,2,"54457603/general_config.generic_type_allowance=False,general_config.priming=True,general_config.token_limit=500/seed=2/54457603/eval_results/eval_metrics.yml",0.2857142857142857,0.23529411764705882,0.36363636363636365,0.36,0.3770491803278689,0.575,0.2804878048780488,0.47368421052631576,0.2903225806451613,0.36363636363636365,0.25,0.23529411764705882,0.26666666666666666,0.29411764705882354,0.2625,0.30434782608695654,0.525,0.21428571428571427,0.43859649122807015,0.22123893805309736
54457603,True,False,500,0,"54457603/general_config.generic_type_allowance=False,general_config.priming=True,general_config.token_limit=500/seed=0/54457603/eval_results/eval_metrics.yml",0.5217391304347826,0.5454545454545454,0.5,0.36,0.3307086614173228,0.45652173913043476,0.25925925925925924,0.47368421052631576,0.2903225806451613,0.45454545454545453,0.3703703703703703,0.45454545454545453,0.3125,0.29069767441860467,0.25,0.27586206896551724,0.43478260869565216,0.20202020202020202,0.43859649122807015,0.21739130434782608
54457603,False,False,500,1,"54457603/general_config.generic_type_allowance=False,general_config.priming=False,general_config.token_limit=500/seed=1/54457603/eval_results/eval_metrics.yml",0.4,0.35714285714285715,0.45454545454545453,0.46927374301675984,0.4805194805194805,0.5,0.4625,0.4772727272727273,0.46153846153846156,0.45454545454545453,0.3333333333333333,0.35714285714285715,0.3125,0.3835616438356165,0.4625,0.39153439153439157,0.5,0.3217391304347826,0.4772727272727273,0.32061068702290074
54457603,False,False,500,2,"54457603/general_config.generic_type_allowance=False,general_config.priming=False,general_config.token_limit=500/seed=2/54457603/eval_results/eval_metrics.yml",0.3225806451612903,0.25,0.45454545454545453,0.3657142857142857,0.375,0.421875,0.3375,0.38095238095238093,0.3516483516483517,0.45454545454545453,0.2777777777777778,0.25,0.3125,0.3106796116504854,0.3375,0.3176470588235294,0.421875,0.25471698113207547,0.38095238095238093,0.26229508196721313
54457603,False,False,500,0,"54457603/general_config.generic_type_allowance=False,general_config.priming=False,general_config.token_limit=500/seed=0/54457603/eval_results/eval_metrics.yml",0.43478260869565216,0.4166666666666667,0.45454545454545453,0.47513812154696133,0.48101265822784806,0.5135135135135135,0.4523809523809524,0.5,0.45263157894736844,0.45454545454545453,0.35714285714285715,0.4166666666666667,0.3125,0.36279069767441857,0.425,0.3636363636363637,0.4594594594594595,0.3008849557522124,0.45348837209302323,0.3023255813953488
54457603,True,True,500,1,"54457603/general_config.generic_type_allowance=True,general_config.priming=True,general_config.token_limit=500/seed=1/54457603/eval_results/eval_metrics.yml",0.2962962962962963,0.25,0.36363636363636365,0.38926174496644295,0.4098360655737705,0.625,0.3048780487804878,0.5178571428571429,0.3118279569892473,0.36363636363636365,0.2580645161290323,0.25,0.26666666666666666,0.31213872832369943,0.2875,0.323943661971831,0.575,0.22549019607843138,0.48214285714285715,0.23076923076923078
54457603,True,True,500,2,"54457603/general_config.generic_type_allowance=True,general_config.priming=True,general_config.token_limit=500/seed=2/54457603/eval_results/eval_metrics.yml",0.30769230769230765,0.26666666666666666,0.36363636363636365,0.37662337662337664,0.390625,0.5208333333333334,0.3125,0.4603174603174603,0.31868131868131866,0.36363636363636365,0.26666666666666666,0.26666666666666666,0.26666666666666666,0.32222222222222224,0.3125,0.33333333333333326,0.5208333333333334,0.24509803921568626,0.4603174603174603,0.24786324786324787
54457603,True,True,500,0,"54457603/general_config.generic_type_allowance=True,general_config.priming=True,general_config.token_limit=500/seed=0/54457603/eval_results/eval_metrics.yml",0.41666666666666663,0.38461538461538464,0.45454545454545453,0.43636363636363634,0.4397163120567376,0.5081967213114754,0.3875,0.4864864864864865,0.3956043956043956,0.45454545454545453,0.3448275862068966,0.38461538461538464,0.3125,0.36363636363636365,0.3875,0.3668639053254438,0.5081967213114754,0.28703703703703703,0.4864864864864865,0.2903225806451613
54457603,False,False,1000,1,"54457603/general_config.generic_type_allowance=False,general_config.priming=False,general_config.token_limit=1000/seed=1/54457603/eval_results/eval_metrics.yml",0.26666666666666666,0.5,0.18181818181818182,0.23809523809523808,0.2342342342342342,0.43333333333333335,0.16049382716049382,0.4411764705882353,0.16304347826086957,0.18181818181818182,0.23529411764705882,0.5,0.15384615384615385,0.2028985507246377,0.15,0.19834710743801656,0.4,0.13186813186813187,0.4117647058823529,0.1346153846153846
54457603,False,False,1000,2,"54457603/general_config.generic_type_allowance=False,general_config.priming=False,general_config.token_limit=1000/seed=2/54457603/eval_results/eval_metrics.yml",0.43478260869565216,0.4166666666666667,0.45454545454545453,0.35526315789473684,0.3410852713178294,0.4583333333333333,0.2716049382716049,0.45,0.29347826086956524,0.45454545454545453,0.35714285714285715,0.4166666666666667,0.3125,0.29545454545454547,0.2625,0.28378378378378377,0.4375,0.21,0.43333333333333335,0.22413793103448276
54457603,False,False,1000,0,"54457603/general_config.generic_type_allowance=False,general_config.priming=False,general_config.token_limit=1000/seed=0/54457603/eval_results/eval_metrics.yml",0.27586206896551724,0.2222222222222222,0.36363636363636365,0.40506329113924056,0.43410852713178294,0.5957446808510638,0.34146341463414637,0.49230769230769234,0.34408602150537637,0.36363636363636365,0.2424242424242424,0.2222222222222222,0.26666666666666666,0.32432432432432434,0.325,0.34210526315789475,0.5531914893617021,0.24761904761904763,0.46153846153846156,0.25
2032742,True,False,250,1,"2032742/general_config.generic_type_allowance=False,general_config.priming=True,general_config.token_limit=250/seed=1/2032742/eval_results/eval_metrics.yml",0.7407407407407407,0.5882352941176471,1.0,0.6721311475409837,0.6526315789473685,0.775,0.5636363636363636,0.7192982456140351,0.6307692307692307,1.0,0.10526315789473684,0.058823529411764705,0.5,0.2752293577981651,0.3684210526315789,0.3111111111111111,0.35,0.28,0.2631578947368421,0.28846153846153844
2032742,True,False,250,2,"2032742/general_config.generic_type_allowance=False,general_config.priming=True,general_config.token_limit=250/seed=2/2032742/eval_results/eval_metrics.yml",0.5882352941176471,0.4166666666666667,1.0,0.6106870229007633,0.6140350877192983,0.603448275862069,0.625,0.5714285714285714,0.6557377049180327,1.0,0.14285714285714285,0.08333333333333333,0.5,0.28346456692913385,0.4473684210526316,0.3008849557522123,0.29310344827586204,0.3090909090909091,0.2571428571428571,0.3157894736842105
2032742,True,False,250,0,"2032742/general_config.generic_type_allowance=False,general_config.priming=True,general_config.token_limit=250/seed=0/2032742/eval_results/eval_metrics.yml",0.7499999999999999,0.6,1.0,0.5148514851485148,0.44155844155844154,0.5483870967741935,0.3695652173913043,0.5652173913043478,0.4727272727272727,1.0,0.11764705882352941,0.06666666666666667,0.5,0.2105263157894737,0.23684210526315788,0.23076923076923078,0.2903225806451613,0.19148936170212766,0.21739130434782608,0.20408163265306123
2032742,True,True,250,1,"2032742/general_config.generic_type_allowance=True,general_config.priming=True,general_config.token_limit=250/seed=1/2032742/eval_results/eval_metrics.yml",0.6666666666666666,0.5,1.0,0.6393442622950819,0.6379310344827587,0.6271186440677966,0.6491228070175439,0.6190476190476191,0.6610169491525424,1.0,0.3333333333333333,0.25,0.5,0.319327731092437,0.47368421052631576,0.3185840707964602,0.3050847457627119,0.3333333333333333,0.30158730158730157,0.3392857142857143
2032742,True,True,250,2,"2032742/general_config.generic_type_allowance=True,general_config.priming=True,general_config.token_limit=250/seed=2/2032742/eval_results/eval_metrics.yml",0.7000000000000001,0.5384615384615384,1.0,0.6756756756756757,0.671875,0.6417910447761194,0.7049180327868853,0.625,0.7352941176470589,1.0,0.13333333333333336,0.07692307692307693,0.5,0.30434782608695654,0.5263157894736842,0.32520325203252026,0.29850746268656714,0.35714285714285715,0.2625,0.3620689655172414
2032742,True,True,250,0,"2032742/general_config.generic_type_allowance=True,general_config.priming=True,general_config.token_limit=250/seed=0/2032742/eval_results/eval_metrics.yml",0.7692307692307693,0.625,1.0,0.7200000000000001,0.7153284671532847,0.7101449275362319,0.7205882352941176,0.7012987012987013,0.7397260273972602,1.0,0.2,0.125,0.5,0.29850746268656714,0.5,0.3064516129032258,0.2753623188405797,0.34545454545454546,0.2597402597402597,0.3508771929824561
2032742,False,True,250,1,"2032742/general_config.generic_type_allowance=True,general_config.priming=False,general_config.token_limit=250/seed=1/2032742/eval_results/eval_metrics.yml",0.72,0.5625,1.0,0.7400000000000001,0.7428571428571429,0.6914893617021277,0.8024691358024691,0.6727272727272727,0.8222222222222222,1.0,0.1111111111111111,0.0625,0.5,0.27218934911242604,0.5789473684210527,0.2913907284768212,0.23404255319148937,0.38596491228070173,0.20909090909090908,0.3898305084745763
2032742,False,True,250,2,"2032742/general_config.generic_type_allowance=True,general_config.priming=False,general_config.token_limit=250/seed=2/2032742/eval_results/eval_metrics.yml",0.5384615384615384,0.3684210526315789,1.0,0.6630434782608696,0.6835443037974683,0.6206896551724138,0.7605633802816901,0.5754716981132075,0.782051282051282,1.0,0.09523809523809525,0.05263157894736842,0.5,0.2682926829268293,0.5526315789473685,0.2937062937062937,0.2413793103448276,0.375,0.20754716981132076,0.3793103448275862
2032742,False,True,250,0,"2032742/general_config.generic_type_allowance=True,general_config.priming=False,general_config.token_limit=250/seed=0/2032742/eval_results/eval_metrics.yml",0.7000000000000001,0.5384615384615384,1.0,0.6483516483516483,0.6419753086419752,0.5531914893617021,0.7647058823529411,0.5514018691588785,0.7866666666666666,1.0,0.13333333333333336,0.07692307692307693,0.5,0.27710843373493976,0.5789473684210527,0.2913907284768212,0.23404255319148937,0.38596491228070173,0.21495327102803738,0.3898305084745763
2032742,True,True,750,1,"2032742/general_config.generic_type_allowance=True,general_config.priming=True,general_config.token_limit=750/seed=1/2032742/eval_results/eval_metrics.yml",0.6666666666666666,0.5,1.0,0.5434782608695652,0.5135135135135135,0.7037037037037037,0.40425531914893614,0.6410256410256411,0.4716981132075472,1.0,0.14285714285714285,0.08333333333333333,0.5,0.2528735632183908,0.2631578947368421,0.27397260273972607,0.37037037037037035,0.21739130434782608,0.28205128205128205,0.22916666666666666
2032742,True,True,750,2,"2032742/general_config.generic_type_allowance=True,general_config.priming=True,general_config.token_limit=750/seed=2/2032742/eval_results/eval_metrics.yml",0.8,0.6666666666666666,1.0,0.5591397849462365,0.5454545454545454,0.6486486486486487,0.47058823529411764,0.65,0.49056603773584906,1.0,0.4,0.3333333333333333,0.5,0.2696629213483146,0.2894736842105263,0.2619047619047619,0.2972972972972973,0.23404255319148937,0.3,0.24489795918367346
2032742,True,True,750,0,"2032742/general_config.generic_type_allowance=True,general_config.priming=True,general_config.token_limit=750/seed=0/2032742/eval_results/eval_metrics.yml",0.8571428571428571,0.75,1.0,0.6041666666666666,0.5842696629213484,0.7027027027027027,0.5,0.7073170731707317,0.5272727272727272,1.0,0.3333333333333333,0.25,0.5,0.2857142857142857,0.3157894736842105,0.2823529411764706,0.32432432432432434,0.25,0.3170731707317073,0.26
2032742,False,True,500,1,"2032742/general_config.generic_type_allowance=True,general_config.priming=False,general_config.token_limit=500/seed=1/2032742/eval_results/eval_metrics.yml",0.878048780487805,0.782608695652174,1.0,0.7560975609756098,0.7154471544715446,0.7333333333333333,0.6984126984126984,0.7469879518072289,0.7654320987654321,1.0,0.08,0.043478260869565216,0.5,0.28776978417266186,0.5,0.33333333333333337,0.31666666666666665,0.35185185185185186,0.24096385542168675,0.35714285714285715
2032742,False,True,500,2,"2032742/general_config.generic_type_allowance=True,general_config.priming=False,general_config.token_limit=500/seed=2/2032742/eval_results/eval_metrics.yml",0.8,0.6666666666666666,1.0,0.6666666666666667,0.65,0.609375,0.6964285714285714,0.6164383561643836,0.7258064516129032,1.0,0.1818181818181818,0.1111111111111111,0.5,0.33587786259541985,0.5526315789473685,0.35,0.328125,0.375,0.3013698630136986,0.3793103448275862
2032742,False,True,500,0,"2032742/general_config.generic_type_allowance=True,general_config.priming=False,general_config.token_limit=500/seed=0/2032742/eval_results/eval_metrics.yml",0.923076923076923,1.0,0.8571428571428571,0.7175572519083969,0.6949152542372881,0.7321428571428571,0.6612903225806451,0.7580645161290323,0.6811594202898551,0.0,0.0,0.0,0.0,0.29310344827586204,0.4473684210526316,0.3119266055045871,0.30357142857142855,0.32075471698113206,0.27419354838709675,0.3148148148148148
2032742,False,False,250,1,"2032742/general_config.generic_type_allowance=False,general_config.priming=False,general_config.token_limit=250/seed=1/2032742/eval_results/eval_metrics.yml",0.9090909090909091,0.8333333333333334,1.0,0.7872340425531915,0.7796610169491526,0.7340425531914894,0.8313253012048193,0.74,0.8409090909090909,1.0,0.25,0.16666666666666666,0.5,0.3105590062111801,0.631578947368421,0.3137254901960785,0.2553191489361702,0.4067796610169492,0.25,0.4098360655737705
2032742,False,False,250,2,"2032742/general_config.generic_type_allowance=False,general_config.priming=False,general_config.token_limit=250/seed=2/2032742/eval_results/eval_metrics.yml",0.972972972972973,0.9473684210526315,1.0,0.7379679144385026,0.68,0.6296296296296297,0.7391304347826086,0.69,0.7931034482758621,1.0,0.09523809523809525,0.05263157894736842,0.5,0.26582278481012656,0.5263157894736842,0.291970802919708,0.24691358024691357,0.35714285714285715,0.21,0.3620689655172414
2032742,False,False,250,0,"2032742/general_config.generic_type_allowance=False,general_config.priming=False,general_config.token_limit=250/seed=0/2032742/eval_results/eval_metrics.yml",0.5925925925925926,0.42105263157894735,1.0,0.6815642458100559,0.6973684210526316,0.6309523809523809,0.7794117647058824,0.5922330097087378,0.8026315789473685,1.0,0.09523809523809525,0.05263157894736842,0.5,0.294478527607362,0.6052631578947368,0.323943661971831,0.27380952380952384,0.39655172413793105,0.23300970873786409,0.4
2032742,False,True,750,1,"2032742/general_config.generic_type_allowance=True,general_config.priming=False,general_config.token_limit=750/seed=1/2032742/eval_results/eval_metrics.yml",0.5714285714285715,0.4,1.0,0.5686274509803922,0.5684210526315789,0.6585365853658537,0.5,0.6304347826086957,0.5178571428571429,1.0,0.28571428571428575,0.2,0.5,0.24999999999999994,0.2894736842105263,0.24719101123595508,0.2682926829268293,0.22916666666666666,0.2608695652173913,0.24
2032742,False,True,750,0,"2032742/general_config.generic_type_allowance=True,general_config.priming=False,general_config.token_limit=750/seed=0/2032742/eval_results/eval_metrics.yml",0.9090909090909091,0.8333333333333334,1.0,0.6984126984126984,0.6782608695652174,0.7090909090909091,0.65,0.7213114754098361,0.676923076923077,1.0,0.25,0.16666666666666666,0.5,0.31304347826086953,0.4473684210526316,0.31775700934579443,0.3090909090909091,0.3269230769230769,0.29508196721311475,0.3333333333333333
2032742,True,False,500,1,"2032742/general_config.generic_type_allowance=False,general_config.priming=True,general_config.token_limit=500/seed=1/2032742/eval_results/eval_metrics.yml",0.6666666666666666,0.5,1.0,0.54,0.5176470588235293,0.5789473684210527,0.46808510638297873,0.5625,0.5192307692307693,1.0,0.16666666666666669,0.1,0.5,0.27999999999999997,0.34210526315789475,0.29545454545454547,0.34210526315789475,0.26,0.2916666666666667,0.2692307692307692
2032742,True,False,500,2,"2032742/general_config.generic_type_allowance=False,general_config.priming=True,general_config.token_limit=500/seed=2/2032742/eval_results/eval_metrics.yml",0.7692307692307693,0.625,1.0,0.5849056603773585,0.5591397849462366,0.5909090909090909,0.5306122448979592,0.5961538461538461,0.5740740740740741,1.0,0.2,0.125,0.5,0.3076923076923077,0.39473684210526316,0.3191489361702128,0.3409090909090909,0.3,0.3076923076923077,0.3076923076923077
2032742,True,False,500,0,"2032742/general_config.generic_type_allowance=False,general_config.priming=True,general_config.token_limit=500/seed=0/2032742/eval_results/eval_metrics.yml",0.4,0.25,1.0,0.5106382978723404,0.5168539325842696,0.5348837209302325,0.5,0.5106382978723404,0.5106382978723404,1.0,0.3333333333333333,0.25,0.5,0.32,0.39473684210526316,0.3191489361702128,0.3488372093023256,0.29411764705882354,0.3404255319148936,0.3018867924528302
2032742,False,False,500,1,"2032742/general_config.generic_type_allowance=False,general_config.priming=False,general_config.token_limit=500/seed=1/2032742/eval_results/eval_metrics.yml",0.761904761904762,0.6153846153846154,1.0,0.6875,0.6728971962616823,0.6923076923076923,0.6545454545454545,0.676923076923077,0.6984126984126984,1.0,0.13333333333333336,0.07692307692307693,0.5,0.3305785123966942,0.5,0.3584905660377358,0.36538461538461536,0.35185185185185186,0.3076923076923077,0.35714285714285715
2032742,False,False,500,2,"2032742/general_config.generic_type_allowance=False,general_config.priming=False,general_config.token_limit=500/seed=2/2032742/eval_results/eval_metrics.yml",0.888888888888889,1.0,0.8,0.6666666666666667,0.6481481481481481,0.660377358490566,0.6363636363636364,0.6842105263157895,0.65,0.0,0.0,0.0,0.0,0.3185840707964602,0.47368421052631576,0.3333333333333333,0.33962264150943394,0.32727272727272727,0.3157894736842105,0.32142857142857145
2032742,False,False,500,0,"2032742/general_config.generic_type_allowance=False,general_config.priming=False,general_config.token_limit=500/seed=0/2032742/eval_results/eval_metrics.yml",0.7000000000000001,0.5384615384615384,1.0,0.6805555555555556,0.6774193548387096,0.6885245901639344,0.6666666666666666,0.6621621621621622,0.7,1.0,0.13333333333333336,0.07692307692307693,0.5,0.27906976744186046,0.4473684210526316,0.29824561403508765,0.2786885245901639,0.32075471698113206,0.24324324324324326,0.32727272727272727
2032742,True,True,500,1,"2032742/general_config.generic_type_allowance=True,general_config.priming=True,general_config.token_limit=500/seed=1/2032742/eval_results/eval_metrics.yml",0.4,0.25,1.0,0.5607476635514018,0.5686274509803921,0.5471698113207547,0.5918367346938775,0.5263157894736842,0.6,1.0,0.3333333333333333,0.25,0.5,0.33628318584070793,0.47368421052631576,0.3364485981308411,0.33962264150943394,0.3333333333333333,0.3333333333333333,0.3392857142857143
2032742,True,True,500,2,"2032742/general_config.generic_type_allowance=True,general_config.priming=True,general_config.token_limit=500/seed=2/2032742/eval_results/eval_metrics.yml",0.6666666666666666,0.5,1.0,0.5666666666666667,0.5555555555555556,0.5172413793103449,0.6,0.5151515151515151,0.6296296296296297,1.0,0.2,0.125,0.5,0.3089430894308943,0.47368421052631576,0.3185840707964602,0.3103448275862069,0.32727272727272727,0.2878787878787879,0.3333333333333333
2032742,True,True,500,0,"2032742/general_config.generic_type_allowance=True,general_config.priming=True,general_config.token_limit=500/seed=0/2032742/eval_results/eval_metrics.yml",0.8750000000000001,0.7777777777777778,1.0,0.584070796460177,0.5360824742268041,0.5652173913043478,0.5098039215686274,0.6,0.5689655172413793,1.0,0.1818181818181818,0.1111111111111111,0.5,0.2641509433962264,0.34210526315789475,0.2736842105263158,0.2826086956521739,0.2653061224489796,0.2545454545454545,0.27450980392156865
201646244,False,False,750,1,"201646244/general_config.generic_type_allowance=False,general_config.priming=False,general_config.token_limit=750/seed=1/201646244/eval_results/eval_metrics.yml",0.711111111111111,0.6956521739130435,0.7272727272727273,0.5227272727272726,0.45801526717557256,0.44776119402985076,0.46875,0.5111111111111111,0.5348837209302325,0.6842105263157895,0.49056603773584906,0.5652173913043478,0.43333333333333335,0.4075829383886256,0.46875,0.37974683544303794,0.44776119402985076,0.32967032967032966,0.4777777777777778,0.35537190082644626
201646244,False,False,750,2,"201646244/general_config.generic_type_allowance=False,general_config.priming=False,general_config.token_limit=750/seed=2/201646244/eval_results/eval_metrics.yml",0.6341463414634146,0.6190476190476191,0.65,0.46153846153846156,0.4113475177304965,0.4084507042253521,0.4142857142857143,0.45652173913043476,0.4666666666666667,0.631578947368421,0.4615384615384615,0.5714285714285714,0.3870967741935484,0.3365384615384615,0.359375,0.2948717948717949,0.323943661971831,0.27058823529411763,0.3804347826086957,0.3017241379310345
201646244,False,False,750,0,"201646244/general_config.generic_type_allowance=False,general_config.priming=False,general_config.token_limit=750/seed=0/201646244/eval_results/eval_metrics.yml",0.48979591836734687,0.42857142857142855,0.5714285714285714,0.4772727272727273,0.4724409448818898,0.5,0.44776119402985076,0.4772727272727273,0.4772727272727273,0.5263157894736842,0.36363636363636365,0.35714285714285715,0.37037037037037035,0.3627450980392156,0.421875,0.36241610738255037,0.45,0.30337078651685395,0.42045454545454547,0.31896551724137934
201646244,True,False,750,1,"201646244/general_config.generic_type_allowance=False,general_config.priming=True,general_config.token_limit=750/seed=1/201646244/eval_results/eval_metrics.yml",0.5405405405405405,0.5555555555555556,0.5263157894736842,0.42028985507246375,0.3762376237623762,0.5428571428571428,0.2878787878787879,0.5471698113207547,0.3411764705882353,0.5263157894736842,0.4444444444444445,0.5555555555555556,0.37037037037037035,0.339622641509434,0.265625,0.2982456140350877,0.4857142857142857,0.21518987341772153,0.5094339622641509,0.25471698113207547
201646244,True,False,750,2,"201646244/general_config.generic_type_allowance=False,general_config.priming=True,general_config.token_limit=750/seed=2/201646244/eval_results/eval_metrics.yml",0.5128205128205129,0.5,0.5263157894736842,0.4172661870503598,0.38,0.5277777777777778,0.296875,0.5178571428571429,0.3493975903614458,0.5263157894736842,0.425531914893617,0.5,0.37037037037037035,0.35582822085889565,0.296875,0.32758620689655177,0.5277777777777778,0.2375,0.5178571428571429,0.27102803738317754
201646244,True,False,750,0,"201646244/general_config.generic_type_allowance=False,general_config.priming=True,general_config.token_limit=750/seed=0/201646244/eval_results/eval_metrics.yml",0.36363636363636365,0.42857142857142855,0.3157894736842105,0.435374149659864,0.45614035087719296,0.5652173913043478,0.38235294117647056,0.5333333333333333,0.367816091954023,0.3157894736842105,0.30769230769230765,0.42857142857142855,0.24,0.3313609467455621,0.34375,0.3384615384615384,0.4782608695652174,0.2619047619047619,0.4666666666666667,0.25688073394495414
201646244,True,False,1000,1,"201646244/general_config.generic_type_allowance=False,general_config.priming=True,general_config.token_limit=1000/seed=1/201646244/eval_results/eval_metrics.yml",0.3333333333333333,0.45454545454545453,0.2631578947368421,0.33870967741935476,0.3404255319148936,0.5333333333333333,0.25,0.5121951219512195,0.25301204819277107,0.2631578947368421,0.28571428571428575,0.45454545454545453,0.20833333333333334,0.29370629370629375,0.25,0.2962962962962963,0.5333333333333333,0.20512820512820512,0.5121951219512195,0.20588235294117646
201646244,True,False,1000,2,"201646244/general_config.generic_type_allowance=False,general_config.priming=True,general_config.token_limit=1000/seed=2/201646244/eval_results/eval_metrics.yml",0.39999999999999997,0.4375,0.3684210526315789,0.3464566929133858,0.3260869565217391,0.5769230769230769,0.22727272727272727,0.5238095238095238,0.25882352941176473,0.3684210526315789,0.33333333333333337,0.4375,0.2692307692307692,0.2797202797202797,0.203125,0.25742574257425743,0.5,0.17333333333333334,0.47619047619047616,0.19801980198019803
201646244,True,False,1000,0,"201646244/general_config.generic_type_allowance=False,general_config.priming=True,general_config.token_limit=1000/seed=0/201646244/eval_results/eval_metrics.yml",0.4848484848484849,0.6153846153846154,0.4,0.35384615384615387,0.30927835051546393,0.45454545454545453,0.234375,0.5,0.27380952380952384,0.3684210526315789,0.3589743589743589,0.5384615384615384,0.2692307692307692,0.29530201342281875,0.234375,0.2727272727272727,0.45454545454545453,0.19480519480519481,0.4782608695652174,0.21359223300970873
201646244,False,True,1000,1,"201646244/general_config.generic_type_allowance=True,general_config.priming=False,general_config.token_limit=1000/seed=1/201646244/eval_results/eval_metrics.yml",0.4090909090909091,0.4090909090909091,0.4090909090909091,0.44970414201183434,0.46399999999999997,0.5178571428571429,0.42028985507246375,0.48717948717948717,0.4175824175824176,0.3157894736842105,0.2553191489361702,0.2727272727272727,0.24,0.31746031746031744,0.375,0.3380281690140845,0.42857142857142855,0.27906976744186046,0.38461538461538464,0.2702702702702703
201646244,False,True,1000,2,"201646244/general_config.generic_type_allowance=True,general_config.priming=False,general_config.token_limit=1000/seed=2/201646244/eval_results/eval_metrics.yml",0.5660377358490566,0.46875,0.7142857142857143,0.5310734463276837,0.5161290322580645,0.5818181818181818,0.463768115942029,0.5402298850574713,0.5222222222222223,0.6842105263157895,0.41935483870967744,0.40625,0.43333333333333335,0.39024390243902435,0.421875,0.3776223776223776,0.4909090909090909,0.3068181818181818,0.45977011494252873,0.3389830508474576
201646244,False,True,1000,0,"201646244/general_config.generic_type_allowance=True,general_config.priming=False,general_config.token_limit=1000/seed=0/201646244/eval_results/eval_metrics.yml",0.3902439024390244,0.38095238095238093,0.4,0.4230769230769231,0.4347826086956522,0.5,0.38461538461538464,0.4647887323943662,0.38823529411764707,0.3684210526315789,0.2978723404255319,0.3333333333333333,0.2692307692307692,0.33879781420765026,0.375,0.35294117647058815,0.48,0.27906976744186046,0.43661971830985913,0.2767857142857143
201646244,True,False,250,1,"201646244/general_config.generic_type_allowance=False,general_config.priming=True,general_config.token_limit=250/seed=1/201646244/eval_results/eval_metrics.yml",0.6415094339622641,0.5666666666666667,0.7391304347826086,0.5274725274725275,0.48062015503875966,0.484375,0.47692307692307695,0.5106382978723404,0.5454545454545454,0.6842105263157895,0.43333333333333335,0.43333333333333335,0.43333333333333335,0.39814814814814814,0.46875,0.38461538461538464,0.46875,0.32608695652173914,0.4574468085106383,0.3524590163934426
201646244,True,False,250,2,"201646244/general_config.generic_type_allowance=False,general_config.priming=True,general_config.token_limit=250/seed=2/201646244/eval_results/eval_metrics.yml",0.36842105263157887,0.3888888888888889,0.35,0.48192771084337355,0.515625,0.6111111111111112,0.44594594594594594,0.5555555555555556,0.425531914893617,0.3157894736842105,0.27906976744186046,0.3333333333333333,0.24,0.3204419889502762,0.359375,0.33333333333333337,0.42592592592592593,0.27380952380952384,0.4027777777777778,0.26605504587155965
201646244,True,False,250,0,"201646244/general_config.generic_type_allowance=False,general_config.priming=True,general_config.token_limit=250/seed=0/201646244/eval_results/eval_metrics.yml",0.5909090909090909,0.5652173913043478,0.6190476190476191,0.5202312138728324,0.49612403100775193,0.5245901639344263,0.47058823529411764,0.5357142857142857,0.5056179775280899,0.5789473684210527,0.4313725490196078,0.4782608695652174,0.39285714285714285,0.3880597014925373,0.4375,0.37333333333333335,0.45901639344262296,0.3146067415730337,0.4642857142857143,0.3333333333333333
201646244,True,True,1000,1,"201646244/general_config.generic_type_allowance=True,general_config.priming=True,general_config.token_limit=1000/seed=1/201646244/eval_results/eval_metrics.yml",0.4878048780487805,0.5,0.47619047619047616,0.38848920863309355,0.3469387755102041,0.53125,0.25757575757575757,0.5192307692307693,0.3103448275862069,0.42105263157894735,0.3404255319148936,0.4,0.2962962962962963,0.2948717948717949,0.234375,0.27522935779816515,0.46875,0.19480519480519481,0.4423076923076923,0.22115384615384615
201646244,True,True,1000,2,"201646244/general_config.generic_type_allowance=True,general_config.priming=True,general_config.token_limit=1000/seed=2/201646244/eval_results/eval_metrics.yml",0.43243243243243246,0.4444444444444444,0.42105263157894735,0.3795620437956205,0.36,0.5294117647058824,0.2727272727272727,0.5,0.3058823529411765,0.42105263157894735,0.3555555555555555,0.4444444444444444,0.2962962962962963,0.3057324840764331,0.25,0.28571428571428564,0.47058823529411764,0.20512820512820512,0.46153846153846156,0.22857142857142856
201646244,True,True,1000,0,"201646244/general_config.generic_type_allowance=True,general_config.priming=True,general_config.token_limit=1000/seed=0/201646244/eval_results/eval_metrics.yml",0.47619047619047616,0.47619047619047616,0.47619047619047616,0.38848920863309355,0.35051546391752575,0.5666666666666667,0.2537313432835821,0.5294117647058824,0.3068181818181818,0.42105263157894735,0.3333333333333333,0.38095238095238093,0.2962962962962963,0.2857142857142857,0.21875,0.26415094339622636,0.4666666666666667,0.18421052631578946,0.43137254901960786,0.21359223300970873
201646244,True,True,250,1,"201646244/general_config.generic_type_allowance=True,general_config.priming=True,general_config.token_limit=250/seed=1/201646244/eval_results/eval_metrics.yml",0.49122807017543857,0.3888888888888889,0.6666666666666666,0.5092592592592592,0.5157232704402516,0.47674418604651164,0.5616438356164384,0.45081967213114754,0.5851063829787234,0.631578947368421,0.36923076923076925,0.3333333333333333,0.41379310344827586,0.3621399176954732,0.5,0.35955056179775285,0.37209302325581395,0.34782608695652173,0.36065573770491804,0.36363636363636365
201646244,True,True,250,2,"201646244/general_config.generic_type_allowance=True,general_config.priming=True,general_config.token_limit=250/seed=2/201646244/eval_results/eval_metrics.yml",0.5245901639344263,0.43243243243243246,0.6666666666666666,0.45871559633027525,0.4331210191082802,0.3695652173913043,0.5230769230769231,0.3875968992248062,0.5617977528089888,0.5789473684210527,0.3384615384615385,0.2972972972972973,0.39285714285714285,0.352,0.515625,0.3567567567567568,0.358695652173913,0.3548387096774194,0.34108527131782945,0.36363636363636365
201646244,True,True,250,0,"201646244/general_config.generic_type_allowance=True,general_config.priming=True,general_config.token_limit=250/seed=0/201646244/eval_results/eval_metrics.yml",0.43636363636363634,0.35294117647058826,0.5714285714285714,0.5352112676056338,0.569620253164557,0.569620253164557,0.569620253164557,0.504424778761062,0.57,0.5263157894736842,0.31746031746031744,0.29411764705882354,0.3448275862068966,0.3448275862068966,0.46875,0.3550295857988166,0.379746835443038,0.3333333333333333,0.35398230088495575,0.33613445378151263
201646244,False,True,250,1,"201646244/general_config.generic_type_allowance=True,general_config.priming=False,general_config.token_limit=250/seed=1/201646244/eval_results/eval_metrics.yml",0.5074626865671641,0.3695652173913043,0.8095238095238095,0.5234375,0.5291005291005292,0.42016806722689076,0.7142857142857143,0.40606060606060607,0.7362637362637363,0.7894736842105263,0.375,0.32608695652173914,0.4411764705882353,0.38815789473684215,0.6875,0.39285714285714285,0.3697478991596639,0.41904761904761906,0.3575757575757576,0.4244604316546763
201646244,False,True,250,2,"201646244/general_config.generic_type_allowance=True,general_config.priming=False,general_config.token_limit=250/seed=2/201646244/eval_results/eval_metrics.yml",0.68,0.5862068965517241,0.8095238095238095,0.5849802371541503,0.5615763546798029,0.4634146341463415,0.7125,0.4868421052631579,0.7326732673267327,0.7894736842105263,0.47619047619047616,0.5172413793103449,0.4411764705882353,0.3888888888888889,0.640625,0.3644444444444444,0.3333333333333333,0.4019607843137255,0.3684210526315789,0.4117647058823529
201646244,False,True,250,0,"201646244/general_config.generic_type_allowance=True,general_config.priming=False,general_config.token_limit=250/seed=0/201646244/eval_results/eval_metrics.yml",0.5526315789473685,0.40384615384615385,0.875,0.5724907063197027,0.5803108808290155,0.4827586206896552,0.7272727272727273,0.4583333333333333,0.7623762376237624,0.8421052631578947,0.36781609195402304,0.3076923076923077,0.45714285714285713,0.3843648208469055,0.671875,0.3909090909090909,0.3706896551724138,0.41346153846153844,0.35119047619047616,0.4244604316546763
201646244,True,True,750,1,"201646244/general_config.generic_type_allowance=True,general_config.priming=True,general_config.token_limit=750/seed=1/201646244/eval_results/eval_metrics.yml",0.5238095238095238,0.5,0.55,0.4305555555555555,0.3921568627450981,0.5555555555555556,0.30303030303030304,0.5344827586206896,0.36046511627906974,0.5263157894736842,0.40816326530612246,0.45454545454545453,0.37037037037037035,0.33939393939393936,0.28125,0.3103448275862069,0.5,0.225,0.4827586206896552,0.2616822429906542
201646244,True,True,750,2,"201646244/general_config.generic_type_allowance=True,general_config.priming=True,general_config.token_limit=750/seed=2/201646244/eval_results/eval_metrics.yml",0.5945945945945946,0.6111111111111112,0.5789473684210527,0.4528301886792453,0.4098360655737705,0.46296296296296297,0.36764705882352944,0.5,0.41379310344827586,0.5789473684210527,0.45833333333333326,0.6111111111111112,0.36666666666666664,0.34782608695652173,0.328125,0.3088235294117647,0.3888888888888889,0.25609756097560976,0.4444444444444444,0.2857142857142857
201646244,True,True,750,0,"201646244/general_config.generic_type_allowance=True,general_config.priming=True,general_config.token_limit=750/seed=0/201646244/eval_results/eval_metrics.yml",0.3888888888888889,0.4117647058823529,0.3684210526315789,0.4342105263157895,0.4482758620689656,0.5531914893617021,0.37681159420289856,0.515625,0.375,0.3684210526315789,0.3255813953488372,0.4117647058823529,0.2692307692307692,0.3236994219653179,0.328125,0.3230769230769231,0.44680851063829785,0.25301204819277107,0.4375,0.25688073394495414
201646244,False,True,500,1,"201646244/general_config.generic_type_allowance=True,general_config.priming=False,general_config.token_limit=500/seed=1/201646244/eval_results/eval_metrics.yml",0.75,0.75,0.75,0.5963302752293578,0.5617977528089887,0.4854368932038835,0.6666666666666666,0.5284552845528455,0.6842105263157895,0.7368421052631579,0.5283018867924527,0.7,0.42424242424242425,0.41406249999999994,0.609375,0.3842364532019705,0.3786407766990291,0.39,0.43089430894308944,0.39849624060150374
201646244,False,True,500,2,"201646244/general_config.generic_type_allowance=True,general_config.priming=False,general_config.token_limit=500/seed=2/201646244/eval_results/eval_metrics.yml",0.7804878048780488,0.7619047619047619,0.8,0.5794392523364487,0.5317919075144508,0.46464646464646464,0.6216216216216216,0.5166666666666667,0.6595744680851063,0.7894736842105263,0.5454545454545455,0.7142857142857143,0.4411764705882353,0.408,0.5625,0.3692307692307692,0.36363636363636365,0.375,0.425,0.3923076923076923
201646244,False,True,500,0,"201646244/general_config.generic_type_allowance=True,general_config.priming=False,general_config.token_limit=500/seed=0/201646244/eval_results/eval_metrics.yml",0.6382978723404256,0.5555555555555556,0.75,0.5576923076923076,0.5341614906832298,0.48863636363636365,0.589041095890411,0.5043478260869565,0.6236559139784946,0.7368421052631579,0.4666666666666667,0.5185185185185185,0.42424242424242425,0.396694214876033,0.53125,0.37362637362637363,0.38636363636363635,0.3617021276595745,0.41739130434782606,0.3779527559055118
201646244,False,False,250,1,"201646244/general_config.generic_type_allowance=False,general_config.priming=False,general_config.token_limit=250/seed=1/201646244/eval_results/eval_metrics.yml",0.5833333333333334,0.4666666666666667,0.7777777777777778,0.5469387755102041,0.5317919075144508,0.46464646464646464,0.6216216216216216,0.4652777777777778,0.6633663366336634,0.6842105263157895,0.3466666666666666,0.28888888888888886,0.43333333333333335,0.36162361623616235,0.5625,0.3673469387755102,0.36363636363636365,0.3711340206185567,0.3402777777777778,0.3858267716535433
201646244,False,False,250,2,"201646244/general_config.generic_type_allowance=False,general_config.priming=False,general_config.token_limit=250/seed=2/201646244/eval_results/eval_metrics.yml",0.7547169811320756,0.7142857142857143,0.8,0.6245059288537549,0.59,0.49166666666666664,0.7375,0.5337837837837838,0.7523809523809524,0.7368421052631579,0.4590163934426229,0.5,0.42424242424242425,0.4,0.671875,0.38392857142857145,0.35833333333333334,0.41346153846153844,0.38513513513513514,0.41605839416058393
201646244,False,False,250,0,"201646244/general_config.generic_type_allowance=False,general_config.priming=False,general_config.token_limit=250/seed=0/201646244/eval_results/eval_metrics.yml",0.5714285714285714,0.4489795918367347,0.7857142857142857,0.5267175572519085,0.5081081081081081,0.42727272727272725,0.6266666666666667,0.4339622641509434,0.6699029126213593,0.6842105263157895,0.32098765432098764,0.2653061224489796,0.40625,0.3402777777777778,0.5625,0.34782608695652173,0.32727272727272727,0.3711340206185567,0.3081761006289308,0.3798449612403101
201646244,False,True,750,1,"201646244/general_config.generic_type_allowance=True,general_config.priming=False,general_config.token_limit=750/seed=1/201646244/eval_results/eval_metrics.yml",0.65,0.65,0.65,0.4942528735632184,0.4477611940298507,0.45454545454545453,0.4411764705882353,0.5,0.48863636363636365,0.631578947368421,0.47058823529411764,0.6,0.3870967741935484,0.37254901960784315,0.40625,0.3398692810457517,0.3939393939393939,0.2988505747126437,0.4418604651162791,0.3220338983050847
201646244,False,True,750,2,"201646244/general_config.generic_type_allowance=True,general_config.priming=False,general_config.token_limit=750/seed=2/201646244/eval_results/eval_metrics.yml",0.6222222222222222,0.5833333333333334,0.6666666666666666,0.5111111111111112,0.4740740740740741,0.47761194029850745,0.47058823529411764,0.5054945054945055,0.5168539325842697,0.631578947368421,0.43636363636363634,0.5,0.3870967741935484,0.37735849056603776,0.4375,0.35668789808917195,0.417910447761194,0.3111111111111111,0.43956043956043955,0.3305785123966942
201646244,False,True,750,0,"201646244/general_config.generic_type_allowance=True,general_config.priming=False,general_config.token_limit=750/seed=0/201646244/eval_results/eval_metrics.yml",0.5,0.4583333333333333,0.55,0.5133689839572193,0.5174825174825174,0.5211267605633803,0.5138888888888888,0.5052631578947369,0.5217391304347826,0.5263157894736842,0.39215686274509803,0.4166666666666667,0.37037037037037035,0.36792452830188677,0.453125,0.3602484472049689,0.4084507042253521,0.32222222222222224,0.4105263157894737,0.3333333333333333
201646244,True,False,500,1,"201646244/general_config.generic_type_allowance=False,general_config.priming=True,general_config.token_limit=500/seed=1/201646244/eval_results/eval_metrics.yml",0.4324324324324324,0.5,0.38095238095238093,0.42666666666666664,0.4247787610619469,0.5106382978723404,0.36363636363636365,0.5079365079365079,0.367816091954023,0.3157894736842105,0.2926829268292683,0.375,0.24,0.32748538011695905,0.34375,0.3384615384615385,0.46808510638297873,0.26506024096385544,0.4444444444444444,0.25925925925925924
201646244,True,False,500,2,"201646244/general_config.generic_type_allowance=False,general_config.priming=True,general_config.token_limit=500/seed=2/201646244/eval_results/eval_metrics.yml",0.5,0.5,0.5,0.43870967741935485,0.4173913043478261,0.5106382978723404,0.35294117647058826,0.5074626865671642,0.38636363636363635,0.47368421052631576,0.375,0.45,0.32142857142857145,0.327683615819209,0.3125,0.310077519379845,0.425531914893617,0.24390243902439024,0.43283582089552236,0.2636363636363636
201646244,True,False,500,0,"201646244/general_config.generic_type_allowance=False,general_config.priming=True,general_config.token_limit=500/seed=0/201646244/eval_results/eval_metrics.yml",0.5641025641025641,0.5789473684210527,0.55,0.4503311258278146,0.41071428571428575,0.5,0.3484848484848485,0.5230769230769231,0.3953488372093023,0.5263157894736842,0.4166666666666667,0.5263157894736842,0.3448275862068966,0.3502824858757062,0.328125,0.3255813953488372,0.45652173913043476,0.25301204819277107,0.47692307692307695,0.2767857142857143
201646244,False,False,500,1,"201646244/general_config.generic_type_allowance=False,general_config.priming=False,general_config.token_limit=500/seed=1/201646244/eval_results/eval_metrics.yml",0.6829268292682926,0.7,0.6666666666666666,0.4731182795698925,0.41379310344827586,0.410958904109589,0.4166666666666667,0.4731182795698925,0.4731182795698925,0.631578947368421,0.47058823529411764,0.6,0.3870967741935484,0.326923076923077,0.34375,0.28025477707006363,0.3013698630136986,0.2619047619047619,0.3655913978494624,0.2956521739130435
201646244,False,False,500,2,"201646244/general_config.generic_type_allowance=False,general_config.priming=False,general_config.token_limit=500/seed=2/201646244/eval_results/eval_metrics.yml",0.717948717948718,0.7368421052631579,0.7,0.5263157894736842,0.48235294117647054,0.43157894736842106,0.5466666666666666,0.4824561403508772,0.5789473684210527,0.6842105263157895,0.5098039215686275,0.6842105263157895,0.40625,0.36134453781512604,0.46875,0.32085561497326204,0.3157894736842105,0.32608695652173914,0.37719298245614036,0.3467741935483871
201646244,False,False,500,0,"201646244/general_config.generic_type_allowance=False,general_config.priming=False,general_config.token_limit=500/seed=0/201646244/eval_results/eval_metrics.yml",0.6363636363636365,0.5833333333333334,0.7,0.5588235294117648,0.5374999999999999,0.5119047619047619,0.5657894736842105,0.5277777777777778,0.59375,0.6842105263157895,0.46428571428571425,0.5416666666666666,0.40625,0.3793103448275862,0.484375,0.3522727272727273,0.36904761904761907,0.33695652173913043,0.4074074074074074,0.3548387096774194
201646244,True,True,500,1,"201646244/general_config.generic_type_allowance=True,general_config.priming=True,general_config.token_limit=500/seed=1/201646244/eval_results/eval_metrics.yml",0.7391304347826085,0.7391304347826086,0.7391304347826086,0.5572139303482587,0.503225806451613,0.47560975609756095,0.5342465753424658,0.5333333333333333,0.5833333333333334,0.6842105263157895,0.4727272727272727,0.5652173913043478,0.40625,0.37719298245614036,0.46875,0.34682080924855485,0.36585365853658536,0.32967032967032966,0.4095238095238095,0.34959349593495936
201646244,True,True,500,2,"201646244/general_config.generic_type_allowance=True,general_config.priming=True,general_config.token_limit=500/seed=2/201646244/eval_results/eval_metrics.yml",0.7,0.7368421052631579,0.6666666666666666,0.5222222222222221,0.4714285714285714,0.4583333333333333,0.4852941176470588,0.5164835164835165,0.5280898876404494,0.631578947368421,0.48000000000000004,0.631578947368421,0.3870967741935484,0.38497652582159625,0.453125,0.35582822085889565,0.4027777777777778,0.31868131868131866,0.45054945054945056,0.3360655737704918
201646244,True,True,500,0,"201646244/general_config.generic_type_allowance=True,general_config.priming=True,general_config.token_limit=500/seed=0/201646244/eval_results/eval_metrics.yml",0.41025641025641024,0.4,0.42105263157894735,0.5,0.5263157894736842,0.625,0.45454545454545453,0.5657894736842105,0.4479166666666667,0.42105263157894735,0.35555555555555557,0.4,0.32,0.32432432432432434,0.34375,0.3142857142857143,0.39285714285714285,0.2619047619047619,0.39473684210526316,0.27522935779816515
201646244,False,False,1000,1,"201646244/general_config.generic_type_allowance=False,general_config.priming=False,general_config.token_limit=1000/seed=1/201646244/eval_results/eval_metrics.yml",0.4210526315789474,0.32432432432432434,0.6,0.4197530864197531,0.419047619047619,0.5365853658536586,0.34375,0.4358974358974359,0.40476190476190477,0.5789473684210527,0.3384615384615385,0.2972972972972973,0.39285714285714285,0.34920634920634924,0.34375,0.35483870967741943,0.5365853658536586,0.26506024096385544,0.4230769230769231,0.2972972972972973
201646244,False,False,1000,2,"201646244/general_config.generic_type_allowance=False,general_config.priming=False,general_config.token_limit=1000/seed=2/201646244/eval_results/eval_metrics.yml",0.6181818181818182,0.5151515151515151,0.7727272727272727,0.4840764331210191,0.411764705882353,0.5526315789473685,0.328125,0.5352112676056338,0.4418604651162791,0.7368421052631579,0.4375,0.42424242424242425,0.45161290322580644,0.3804347826086956,0.328125,0.35,0.5526315789473685,0.25609756097560976,0.49295774647887325,0.30973451327433627
201646244,False,False,1000,0,"201646244/general_config.generic_type_allowance=False,general_config.priming=False,general_config.token_limit=1000/seed=0/201646244/eval_results/eval_metrics.yml",0.5090909090909091,0.4375,0.6086956521739131,0.47904191616766467,0.46428571428571425,0.6046511627906976,0.37681159420289856,0.5333333333333333,0.43478260869565216,0.5263157894736842,0.3389830508474576,0.3125,0.37037037037037035,0.3369565217391304,0.328125,0.336,0.4883720930232558,0.25609756097560976,0.41333333333333333,0.28440366972477066
244256,False,False,750,1,"244256/general_config.generic_type_allowance=False,general_config.priming=False,general_config.token_limit=750/seed=1/244256/eval_results/eval_metrics.yml",0.5365853658536586,0.6111111111111112,0.4782608695652174,0.3835616438356164,0.3238095238095238,0.3541666666666667,0.2982456140350877,0.42424242424242425,0.35,0.3333333333333333,0.28571428571428575,0.3333333333333333,0.25,0.28395061728395066,0.2982456140350877,0.2833333333333333,0.3541666666666667,0.2361111111111111,0.3484848484848485,0.23958333333333334
244256,False,False,750,2,"244256/general_config.generic_type_allowance=False,general_config.priming=False,general_config.token_limit=750/seed=2/244256/eval_results/eval_metrics.yml",0.4545454545454545,0.47619047619047616,0.43478260869565216,0.37086092715231783,0.3364485981308411,0.36,0.3157894736842105,0.39436619718309857,0.35,0.2777777777777778,0.22727272727272724,0.23809523809523808,0.21739130434782608,0.2738095238095238,0.3157894736842105,0.2903225806451613,0.36,0.24324324324324326,0.323943661971831,0.23711340206185566
244256,False,False,750,0,"244256/general_config.generic_type_allowance=False,general_config.priming=False,general_config.token_limit=750/seed=0/244256/eval_results/eval_metrics.yml",0.5945945945945945,0.8461538461538461,0.4583333333333333,0.3888888888888889,0.31775700934579443,0.34,0.2982456140350877,0.4444444444444444,0.345679012345679,0.2777777777777778,0.27777777777777773,0.38461538461538464,0.21739130434782608,0.27672955974842767,0.2982456140350877,0.2764227642276423,0.34,0.2328767123287671,0.3492063492063492,0.22916666666666666
244256,True,False,750,1,"244256/general_config.generic_type_allowance=False,general_config.priming=True,general_config.token_limit=750/seed=1/244256/eval_results/eval_metrics.yml",0.29629629629629634,0.5714285714285714,0.2,0.3214285714285714,0.32941176470588235,0.5,0.24561403508771928,0.5142857142857142,0.23376623376623376,0.1111111111111111,0.15384615384615385,0.2857142857142857,0.10526315789473684,0.26229508196721313,0.24561403508771928,0.2916666666666667,0.5,0.20588235294117646,0.45714285714285713,0.1839080459770115
244256,True,False,750,2,"244256/general_config.generic_type_allowance=False,general_config.priming=True,general_config.token_limit=750/seed=2/244256/eval_results/eval_metrics.yml",0.33333333333333326,0.5555555555555556,0.23809523809523808,0.3035714285714286,0.2926829268292683,0.5,0.20689655172413793,0.5151515151515151,0.21518987341772153,0.1111111111111111,0.13793103448275865,0.2222222222222222,0.1,0.21666666666666667,0.19298245614035087,0.2417582417582418,0.4583333333333333,0.16417910447761194,0.3939393939393939,0.14942528735632185
244256,True,False,750,0,"244256/general_config.generic_type_allowance=False,general_config.priming=True,general_config.token_limit=750/seed=0/244256/eval_results/eval_metrics.yml",0.35714285714285715,0.625,0.25,0.33043478260869563,0.3218390804597701,0.5,0.23728813559322035,0.5277777777777778,0.24050632911392406,0.16666666666666666,0.20689655172413796,0.375,0.14285714285714285,0.24,0.21052631578947367,0.25,0.42857142857142855,0.17647058823529413,0.4166666666666667,0.16853932584269662
244256,True,False,1000,1,"244256/general_config.generic_type_allowance=False,general_config.priming=True,general_config.token_limit=1000/seed=1/244256/eval_results/eval_metrics.yml",0.37499999999999994,0.46153846153846156,0.3157894736842105,0.3103448275862069,0.2857142857142857,0.48,0.2033898305084746,0.47368421052631576,0.23076923076923078,0.2777777777777778,0.2857142857142857,0.38461538461538464,0.22727272727272727,0.2380952380952381,0.17543859649122806,0.21978021978021978,0.4,0.15151515151515152,0.39473684210526316,0.17045454545454544
244256,True,False,1000,2,"244256/general_config.generic_type_allowance=False,general_config.priming=True,general_config.token_limit=1000/seed=2/244256/eval_results/eval_metrics.yml",0.3333333333333333,0.45454545454545453,0.2631578947368421,0.2931034482758621,0.27906976744186046,0.4444444444444444,0.2033898305084746,0.4473684210526316,0.21794871794871795,0.2222222222222222,0.24242424242424246,0.36363636363636365,0.18181818181818182,0.22222222222222218,0.17543859649122806,0.21505376344086025,0.37037037037037035,0.15151515151515152,0.3684210526315789,0.1590909090909091
244256,True,False,1000,0,"244256/general_config.generic_type_allowance=False,general_config.priming=True,general_config.token_limit=1000/seed=0/244256/eval_results/eval_metrics.yml",0.3076923076923077,0.5714285714285714,0.21052631578947367,0.2641509433962264,0.25,0.47619047619047616,0.1694915254237288,0.5,0.1794871794871795,0.16666666666666666,0.21428571428571427,0.42857142857142855,0.14285714285714285,0.19642857142857142,0.14035087719298245,0.19047619047619047,0.38095238095238093,0.12698412698412698,0.39285714285714285,0.13095238095238096
244256,False,True,1000,1,"244256/general_config.generic_type_allowance=True,general_config.priming=False,general_config.token_limit=1000/seed=1/244256/eval_results/eval_metrics.yml",0.42857142857142855,0.6666666666666666,0.3157894736842105,0.35616438356164387,0.3389830508474576,0.3389830508474576,0.3389830508474576,0.38235294117647056,0.3333333333333333,0.2777777777777778,0.3125,0.5555555555555556,0.21739130434782608,0.28048780487804875,0.3157894736842105,0.27272727272727276,0.3050847457627119,0.2465753424657534,0.3382352941176471,0.23958333333333334
244256,False,True,1000,2,"244256/general_config.generic_type_allowance=True,general_config.priming=False,general_config.token_limit=1000/seed=2/244256/eval_results/eval_metrics.yml",0.6666666666666666,1.0,0.5,0.4814814814814815,0.42276422764227645,0.4482758620689655,0.4,0.5492957746478874,0.42857142857142855,0.2777777777777778,0.27777777777777773,0.38461538461538464,0.21739130434782608,0.2754491017964072,0.3157894736842105,0.27480916030534347,0.3103448275862069,0.2465753424657534,0.323943661971831,0.23958333333333334
244256,False,True,1000,0,"244256/general_config.generic_type_allowance=True,general_config.priming=False,general_config.token_limit=1000/seed=0/244256/eval_results/eval_metrics.yml",0.43478260869565216,0.43478260869565216,0.43478260869565216,0.4025974025974026,0.38888888888888884,0.42857142857142855,0.3559322033898305,0.4305555555555556,0.3780487804878049,0.2777777777777778,0.21739130434782608,0.21739130434782608,0.21739130434782608,0.28402366863905326,0.3333333333333333,0.30894308943089427,0.3877551020408163,0.25675675675675674,0.3333333333333333,0.24742268041237114
244256,True,False,250,1,"244256/general_config.generic_type_allowance=False,general_config.priming=True,general_config.token_limit=250/seed=1/244256/eval_results/eval_metrics.yml",0.3703703703703704,0.5555555555555556,0.2777777777777778,0.36507936507936506,0.36363636363636365,0.42857142857142855,0.3157894736842105,0.45098039215686275,0.30666666666666664,0.2777777777777778,0.3125,0.5555555555555556,0.21739130434782608,0.3150684931506849,0.3157894736842105,0.3157894736842105,0.42857142857142855,0.25,0.45098039215686275,0.24210526315789474
244256,True,False,250,2,"244256/general_config.generic_type_allowance=False,general_config.priming=True,general_config.token_limit=250/seed=2/244256/eval_results/eval_metrics.yml",0.32000000000000006,0.8,0.2,0.36507936507936506,0.37623762376237624,0.4418604651162791,0.3275862068965517,0.4791666666666667,0.2948717948717949,0.1111111111111111,0.16000000000000003,0.4,0.1,0.28368794326241137,0.3157894736842105,0.3103448275862069,0.4186046511627907,0.2465753424657534,0.4166666666666667,0.21505376344086022
244256,True,False,250,0,"244256/general_config.generic_type_allowance=False,general_config.priming=True,general_config.token_limit=250/seed=0/244256/eval_results/eval_metrics.yml",0.39999999999999997,0.8333333333333334,0.2631578947368421,0.3565891472868217,0.3461538461538462,0.4,0.3050847457627119,0.45098039215686275,0.2948717948717949,0.2222222222222222,0.28571428571428575,0.6666666666666666,0.18181818181818182,0.2777777777777778,0.2807017543859649,0.2758620689655173,0.35555555555555557,0.22535211267605634,0.39215686274509803,0.21505376344086022
244256,True,True,1000,1,"244256/general_config.generic_type_allowance=True,general_config.priming=True,general_config.token_limit=1000/seed=1/244256/eval_results/eval_metrics.yml",0.5365853658536586,0.6111111111111112,0.4782608695652174,0.4,0.3404255319148936,0.47058823529411764,0.26666666666666666,0.5192307692307693,0.3253012048192771,0.3333333333333333,0.2926829268292683,0.3333333333333333,0.2608695652173913,0.26573426573426573,0.22807017543859648,0.2549019607843137,0.38235294117647056,0.19117647058823528,0.36538461538461536,0.2087912087912088
244256,True,True,1000,2,"244256/general_config.generic_type_allowance=True,general_config.priming=True,general_config.token_limit=1000/seed=2/244256/eval_results/eval_metrics.yml",0.37037037037037035,0.7142857142857143,0.25,0.3278688524590164,0.3157894736842105,0.4166666666666667,0.2542372881355932,0.46511627906976744,0.25316455696202533,0.16666666666666666,0.21428571428571427,0.42857142857142855,0.14285714285714285,0.2424242424242424,0.22807017543859648,0.24999999999999994,0.3611111111111111,0.19117647058823528,0.37209302325581395,0.1797752808988764
244256,True,True,1000,0,"244256/general_config.generic_type_allowance=True,general_config.priming=True,general_config.token_limit=1000/seed=0/244256/eval_results/eval_metrics.yml",0.30303030303030304,0.38461538461538464,0.25,0.31304347826086953,0.3170731707317073,0.5652173913043478,0.22033898305084745,0.5,0.22784810126582278,0.16666666666666666,0.18181818181818185,0.23076923076923078,0.15,0.2295081967213115,0.19298245614035087,0.24719101123595505,0.4782608695652174,0.16666666666666666,0.3888888888888889,0.16279069767441862
244256,True,True,250,1,"244256/general_config.generic_type_allowance=True,general_config.priming=True,general_config.token_limit=250/seed=1/244256/eval_results/eval_metrics.yml",0.55,0.6470588235294118,0.4782608695652174,0.49704142011834324,0.48062015503875966,0.49206349206349204,0.4696969696969697,0.525,0.47191011235955055,0.3333333333333333,0.3,0.35294117647058826,0.2608695652173913,0.3111111111111111,0.38596491228070173,0.3142857142857143,0.3492063492063492,0.2857142857142857,0.35,0.28
244256,True,True,250,2,"244256/general_config.generic_type_allowance=True,general_config.priming=True,general_config.token_limit=250/seed=2/244256/eval_results/eval_metrics.yml",0.6440677966101694,0.6785714285714286,0.6129032258064516,0.5384615384615384,0.4878048780487805,0.5263157894736842,0.45454545454545453,0.5764705882352941,0.5051546391752577,0.3333333333333333,0.23529411764705882,0.21428571428571427,0.2608695652173913,0.29508196721311475,0.3684210526315789,0.3181818181818182,0.3684210526315789,0.28,0.3176470588235294,0.2755102040816326
244256,True,True,250,0,"244256/general_config.generic_type_allowance=True,general_config.priming=True,general_config.token_limit=250/seed=0/244256/eval_results/eval_metrics.yml",0.5142857142857142,0.6923076923076923,0.4090909090909091,0.4795321637426901,0.47058823529411764,0.47761194029850745,0.463768115942029,0.5125,0.45054945054945056,0.2777777777777778,0.27777777777777773,0.38461538461538464,0.21739130434782608,0.2824858757062147,0.3508771929824561,0.28368794326241137,0.29850746268656714,0.2702702702702703,0.3125,0.25773195876288657
244256,False,True,250,1,"244256/general_config.generic_type_allowance=True,general_config.priming=False,general_config.token_limit=250/seed=1/244256/eval_results/eval_metrics.yml",0.8253968253968255,0.896551724137931,0.7647058823529411,0.6007067137809188,0.5363636363636363,0.44360902255639095,0.6781609195402298,0.5246913580246914,0.7024793388429752,0.5555555555555556,0.3508771929824561,0.3448275862068966,0.35714285714285715,0.2846715328467153,0.5087719298245614,0.2672811059907834,0.21804511278195488,0.34523809523809523,0.24074074074074073,0.3482142857142857
244256,False,True,250,2,"244256/general_config.generic_type_allowance=True,general_config.priming=False,general_config.token_limit=250/seed=2/244256/eval_results/eval_metrics.yml",0.7466666666666667,0.7368421052631579,0.7567567567567568,0.5830258302583026,0.520408163265306,0.4322033898305085,0.6538461538461539,0.5064102564102564,0.6869565217391305,0.5,0.2769230769230769,0.23684210526315788,0.3333333333333333,0.291044776119403,0.5263157894736842,0.29556650246305416,0.2542372881355932,0.35294117647058826,0.25,0.3482142857142857
244256,False,True,250,0,"244256/general_config.generic_type_allowance=True,general_config.priming=False,general_config.token_limit=250/seed=0/244256/eval_results/eval_metrics.yml",0.5294117647058824,0.45,0.6428571428571429,0.5099601593625499,0.5027322404371585,0.41818181818181815,0.6301369863013698,0.4266666666666667,0.6336633663366337,0.4444444444444444,0.24242424242424246,0.2,0.3076923076923077,0.29118773946360155,0.5263157894736842,0.30769230769230765,0.2727272727272727,0.35294117647058826,0.25333333333333335,0.34234234234234234
244256,True,True,750,1,"244256/general_config.generic_type_allowance=True,general_config.priming=True,general_config.token_limit=750/seed=1/244256/eval_results/eval_metrics.yml",0.4761904761904762,0.5882352941176471,0.4,0.39705882352941174,0.36170212765957444,0.5,0.2833333333333333,0.5294117647058824,0.3176470588235294,0.16666666666666666,0.15789473684210528,0.17647058823529413,0.14285714285714285,0.24113475177304966,0.24561403508771928,0.27184466019417475,0.4117647058823529,0.2028985507246377,0.3333333333333333,0.18888888888888888
244256,True,True,750,2,"244256/general_config.generic_type_allowance=True,general_config.priming=True,general_config.token_limit=750/seed=2/244256/eval_results/eval_metrics.yml",0.4,0.6,0.3,0.4087591240875912,0.411214953271028,0.5238095238095238,0.3384615384615385,0.5384615384615384,0.32941176470588235,0.2222222222222222,0.25000000000000006,0.4,0.18181818181818182,0.25,0.24561403508771928,0.25,0.3333333333333333,0.2,0.34615384615384615,0.1956521739130435
244256,True,True,750,0,"244256/general_config.generic_type_allowance=True,general_config.priming=True,general_config.token_limit=750/seed=0/244256/eval_results/eval_metrics.yml",0.5,0.625,0.4166666666666667,0.4087591240875912,0.3711340206185567,0.5,0.29508196721311475,0.5384615384615384,0.32941176470588235,0.2222222222222222,0.2105263157894737,0.25,0.18181818181818182,0.25,0.24561403508771928,0.2641509433962264,0.3888888888888889,0.2,0.34615384615384615,0.1956521739130435
244256,False,True,500,1,"244256/general_config.generic_type_allowance=True,general_config.priming=False,general_config.token_limit=500/seed=1/244256/eval_results/eval_metrics.yml",0.7142857142857143,0.9375,0.5769230769230769,0.4972972972972973,0.43356643356643354,0.40789473684210525,0.4626865671641791,0.5,0.4946236559139785,0.3888888888888889,0.34146341463414637,0.4375,0.28,0.2901554404145078,0.3684210526315789,0.27631578947368424,0.27631578947368424,0.27631578947368424,0.30434782608695654,0.27722772277227725
244256,False,True,500,2,"244256/general_config.generic_type_allowance=True,general_config.priming=False,general_config.token_limit=500/seed=2/244256/eval_results/eval_metrics.yml",0.8169014084507042,0.8787878787878788,0.7631578947368421,0.5472636815920398,0.4,0.37142857142857144,0.43333333333333335,0.5339805825242718,0.5612244897959183,0.5,0.3,0.2727272727272727,0.3333333333333333,0.3076923076923077,0.40350877192982454,0.3108108108108108,0.32857142857142857,0.2948717948717949,0.3106796116504854,0.3047619047619048
244256,False,True,500,0,"244256/general_config.generic_type_allowance=True,general_config.priming=False,general_config.token_limit=500/seed=0/244256/eval_results/eval_metrics.yml",0.64,0.7272727272727273,0.5714285714285714,0.4945054945054945,0.4393939393939394,0.43283582089552236,0.4461538461538462,0.5056179775280899,0.4838709677419355,0.3333333333333333,0.2608695652173913,0.2727272727272727,0.25,0.2857142857142857,0.3684210526315789,0.2937062937062937,0.31343283582089554,0.27631578947368424,0.30337078651685395,0.27
244256,False,False,250,1,"244256/general_config.generic_type_allowance=False,general_config.priming=False,general_config.token_limit=250/seed=1/244256/eval_results/eval_metrics.yml",0.7083333333333334,0.8095238095238095,0.6296296296296297,0.5321100917431192,0.48235294117647054,0.41,0.5857142857142857,0.4793388429752066,0.5979381443298969,0.4444444444444444,0.3404255319148936,0.38095238095238093,0.3076923076923077,0.31304347826086953,0.49122807017543857,0.30601092896174864,0.28,0.3373493975903614,0.2975206611570248,0.3302752293577982
244256,False,False,250,2,"244256/general_config.generic_type_allowance=False,general_config.priming=False,general_config.token_limit=250/seed=2/244256/eval_results/eval_metrics.yml",0.6153846153846154,0.8,0.5,0.4873096446700507,0.4556962025316456,0.4,0.5294117647058824,0.45714285714285713,0.5217391304347826,0.3333333333333333,0.3076923076923077,0.4,0.25,0.2966507177033493,0.43859649122807015,0.29411764705882354,0.2777777777777778,0.3125,0.29523809523809524,0.2980769230769231
244256,False,False,250,0,"244256/general_config.generic_type_allowance=False,general_config.priming=False,general_config.token_limit=250/seed=0/244256/eval_results/eval_metrics.yml",0.7241379310344829,0.8076923076923077,0.65625,0.5201793721973094,0.44848484848484854,0.3854166666666667,0.5362318840579711,0.47540983606557374,0.5742574257425742,0.3888888888888889,0.27450980392156865,0.2692307692307692,0.28,0.28193832599118945,0.43859649122807015,0.28409090909090906,0.2604166666666667,0.3125,0.26229508196721313,0.3047619047619048
244256,False,True,750,1,"244256/general_config.generic_type_allowance=True,general_config.priming=False,general_config.token_limit=750/seed=1/244256/eval_results/eval_metrics.yml",0.5263157894736841,0.6666666666666666,0.43478260869565216,0.38028169014084506,0.3269230769230769,0.3617021276595745,0.2982456140350877,0.43548387096774194,0.3375,0.2777777777777778,0.26315789473684204,0.3333333333333333,0.21739130434782608,0.28025477707006374,0.2982456140350877,0.2857142857142857,0.3617021276595745,0.2361111111111111,0.3548387096774194,0.23157894736842105
244256,False,True,750,2,"244256/general_config.generic_type_allowance=True,general_config.priming=False,general_config.token_limit=750/seed=2/244256/eval_results/eval_metrics.yml",0.4444444444444444,0.5714285714285714,0.36363636363636365,0.36986301369863017,0.3454545454545454,0.37254901960784315,0.3220338983050847,0.4153846153846154,0.3333333333333333,0.2222222222222222,0.2222222222222222,0.2857142857142857,0.18181818181818182,0.2641509433962264,0.2982456140350877,0.2764227642276422,0.3333333333333333,0.2361111111111111,0.3230769230769231,0.22340425531914893
244256,False,True,750,0,"244256/general_config.generic_type_allowance=True,general_config.priming=False,general_config.token_limit=750/seed=0/244256/eval_results/eval_metrics.yml",0.45,0.5294117647058824,0.391304347826087,0.3611111111111111,0.3269230769230769,0.3695652173913043,0.29310344827586204,0.4126984126984127,0.32098765432098764,0.2222222222222222,0.20512820512820512,0.23529411764705882,0.18181818181818182,0.2564102564102564,0.2807017543859649,0.2735042735042735,0.34782608695652173,0.22535211267605634,0.31746031746031744,0.21505376344086022
244256,True,False,500,1,"244256/general_config.generic_type_allowance=False,general_config.priming=True,general_config.token_limit=500/seed=1/244256/eval_results/eval_metrics.yml",0.5128205128205129,0.7142857142857143,0.4,0.39062500000000006,0.3370786516853933,0.4838709677419355,0.25862068965517243,0.5555555555555556,0.30120481927710846,0.16666666666666666,0.17142857142857143,0.21428571428571427,0.14285714285714285,0.2518518518518518,0.24561403508771928,0.27999999999999997,0.45161290322580644,0.2028985507246377,0.37777777777777777,0.18888888888888888
244256,True,False,500,2,"244256/general_config.generic_type_allowance=False,general_config.priming=True,general_config.token_limit=500/seed=2/244256/eval_results/eval_metrics.yml",0.4285714285714285,0.75,0.3,0.3442622950819672,0.3191489361702128,0.4166666666666667,0.25862068965517243,0.4772727272727273,0.2692307692307692,0.2222222222222222,0.26666666666666666,0.5,0.18181818181818182,0.26666666666666666,0.24561403508771928,0.2666666666666667,0.3888888888888889,0.2028985507246377,0.4090909090909091,0.1978021978021978
244256,True,False,500,0,"244256/general_config.generic_type_allowance=False,general_config.priming=True,general_config.token_limit=500/seed=0/244256/eval_results/eval_metrics.yml",0.4375,0.7,0.3181818181818182,0.3548387096774194,0.32608695652173914,0.42857142857142855,0.2631578947368421,0.4888888888888889,0.27848101265822783,0.16666666666666666,0.19354838709677416,0.3,0.14285714285714285,0.26666666666666666,0.2631578947368421,0.28846153846153844,0.42857142857142855,0.21739130434782608,0.4,0.2
244256,False,False,500,1,"244256/general_config.generic_type_allowance=False,general_config.priming=False,general_config.token_limit=500/seed=1/244256/eval_results/eval_metrics.yml",0.7111111111111111,1.0,0.5517241379310345,0.48554913294797686,0.40625,0.4,0.4126984126984127,0.5185185185185185,0.45652173913043476,0.2777777777777778,0.2564102564102564,0.3125,0.21739130434782608,0.28089887640449435,0.3508771929824561,0.28776978417266186,0.3076923076923077,0.2702702702702703,0.30864197530864196,0.25773195876288657
244256,False,False,500,2,"244256/general_config.generic_type_allowance=False,general_config.priming=False,general_config.token_limit=500/seed=2/244256/eval_results/eval_metrics.yml",0.3636363636363636,0.32,0.42105263157894735,0.3741935483870968,0.37837837837837834,0.39622641509433965,0.3620689655172414,0.3717948717948718,0.37662337662337664,0.3888888888888889,0.28,0.28,0.28,0.30337078651685395,0.3508771929824561,0.3125,0.37735849056603776,0.26666666666666666,0.34615384615384615,0.27
244256,False,False,500,0,"244256/general_config.generic_type_allowance=False,general_config.priming=False,general_config.token_limit=500/seed=0/244256/eval_results/eval_metrics.yml",0.7142857142857142,0.8,0.6451612903225806,0.5454545454545454,0.47328244274809156,0.47692307692307695,0.4696969696969697,0.5666666666666667,0.5257731958762887,0.3888888888888889,0.28,0.28,0.28,0.3020833333333333,0.38596491228070173,0.3098591549295775,0.3384615384615385,0.2857142857142857,0.32222222222222224,0.28431372549019607
244256,True,True,500,1,"244256/general_config.generic_type_allowance=True,general_config.priming=True,general_config.token_limit=500/seed=1/244256/eval_results/eval_metrics.yml",0.5142857142857142,0.8181818181818182,0.375,0.4810126582278481,0.4715447154471545,0.5370370370370371,0.42028985507246375,0.5846153846153846,0.40860215053763443,0.16666666666666666,0.18749999999999997,0.2727272727272727,0.14285714285714285,0.2531645569620253,0.2982456140350877,0.2698412698412698,0.3148148148148148,0.2361111111111111,0.3076923076923077,0.21505376344086022
244256,True,True,500,2,"244256/general_config.generic_type_allowance=True,general_config.priming=True,general_config.token_limit=500/seed=2/244256/eval_results/eval_metrics.yml",0.4242424242424242,0.5384615384615384,0.35,0.32167832167832167,0.2909090909090909,0.3018867924528302,0.2807017543859649,0.3484848484848485,0.2987012987012987,0.2777777777777778,0.27777777777777773,0.38461538461538464,0.21739130434782608,0.2608695652173913,0.2807017543859649,0.25599999999999995,0.3018867924528302,0.2222222222222222,0.3181818181818182,0.22105263157894736
244256,True,True,500,0,"244256/general_config.generic_type_allowance=True,general_config.priming=True,general_config.token_limit=500/seed=0/244256/eval_results/eval_metrics.yml",0.6111111111111112,0.8461538461538461,0.4782608695652174,0.4027777777777778,0.3333333333333333,0.3829787234042553,0.29508196721311475,0.48333333333333334,0.34523809523809523,0.3333333333333333,0.32432432432432434,0.46153846153846156,0.25,0.2597402597402597,0.24561403508771928,0.23931623931623933,0.2978723404255319,0.2,0.3333333333333333,0.2127659574468085
244256,False,False,1000,1,"244256/general_config.generic_type_allowance=False,general_config.priming=False,general_config.token_limit=1000/seed=1/244256/eval_results/eval_metrics.yml",0.5806451612903226,1.0,0.4090909090909091,0.3971631205673759,0.34545454545454546,0.38,0.31666666666666665,0.4745762711864407,0.34146341463414637,0.2777777777777778,0.3125,0.5555555555555556,0.21739130434782608,0.2745098039215686,0.2807017543859649,0.2644628099173554,0.32,0.22535211267605634,0.3559322033898305,0.22340425531914893
244256,False,False,1000,2,"244256/general_config.generic_type_allowance=False,general_config.priming=False,general_config.token_limit=1000/seed=2/244256/eval_results/eval_metrics.yml",0.4864864864864865,0.6428571428571429,0.391304347826087,0.3816793893129771,0.3404255319148936,0.45714285714285713,0.2711864406779661,0.5102040816326531,0.3048780487804878,0.2222222222222222,0.2222222222222222,0.2857142857142857,0.18181818181818182,0.2571428571428571,0.24561403508771928,0.2692307692307692,0.4,0.2028985507246377,0.3673469387755102,0.1978021978021978
244256,False,False,1000,0,"244256/general_config.generic_type_allowance=False,general_config.priming=False,general_config.token_limit=1000/seed=0/244256/eval_results/eval_metrics.yml",0.4571428571428572,0.6153846153846154,0.36363636363636365,0.3909774436090226,0.36734693877551017,0.43902439024390244,0.3157894736842105,0.48148148148148145,0.3291139240506329,0.2222222222222222,0.2285714285714286,0.3076923076923077,0.18181818181818182,0.2953020134228188,0.3157894736842105,0.3157894736842105,0.43902439024390244,0.2465753424657534,0.4074074074074074,0.23157894736842105
199668729,False,False,750,1,"199668729/general_config.generic_type_allowance=False,general_config.priming=False,general_config.token_limit=750/seed=1/199668729/eval_results/eval_metrics.yml",0.45161290322580644,0.4375,0.4666666666666667,0.44545454545454544,0.4444444444444445,0.5384615384615384,0.3783783783783784,0.5212765957446809,0.3888888888888889,0.42857142857142855,0.35294117647058826,0.375,0.3333333333333333,0.32365145228215775,0.3235294117647059,0.3188405797101449,0.4230769230769231,0.2558139534883721,0.4148936170212766,0.2653061224489796
199668729,False,False,750,2,"199668729/general_config.generic_type_allowance=False,general_config.priming=False,general_config.token_limit=750/seed=2/199668729/eval_results/eval_metrics.yml",0.3703703703703704,0.38461538461538464,0.35714285714285715,0.42105263157894735,0.42857142857142855,0.5064935064935064,0.37142857142857144,0.4888888888888889,0.3697478991596639,0.35714285714285715,0.33333333333333337,0.38461538461538464,0.29411764705882354,0.3489361702127659,0.35294117647058826,0.351219512195122,0.4675324675324675,0.28125,0.45555555555555555,0.2827586206896552
199668729,False,False,750,0,"199668729/general_config.generic_type_allowance=False,general_config.priming=False,general_config.token_limit=750/seed=0/199668729/eval_results/eval_metrics.yml",0.4,0.45454545454545453,0.35714285714285715,0.41,0.4114285714285714,0.5142857142857142,0.34285714285714286,0.5061728395061729,0.3445378151260504,0.35714285714285715,0.35714285714285715,0.45454545454545453,0.29411764705882354,0.34080717488789236,0.3235294117647059,0.3384615384615385,0.4714285714285714,0.264,0.4691358024691358,0.2676056338028169
199668729,True,False,750,1,"199668729/general_config.generic_type_allowance=False,general_config.priming=True,general_config.token_limit=750/seed=1/199668729/eval_results/eval_metrics.yml",0.2857142857142857,0.42857142857142855,0.21428571428571427,0.44897959183673464,0.4685714285714286,0.5942028985507246,0.3867924528301887,0.5789473684210527,0.36666666666666664,0.21428571428571427,0.25,0.42857142857142855,0.17647058823529413,0.3587443946188342,0.3627450980392157,0.37185929648241206,0.5362318840579711,0.2846153846153846,0.5263157894736842,0.272108843537415
199668729,True,False,750,2,"199668729/general_config.generic_type_allowance=False,general_config.priming=True,general_config.token_limit=750/seed=2/199668729/eval_results/eval_metrics.yml",0.2857142857142857,0.42857142857142855,0.21428571428571427,0.32335329341317365,0.3287671232876712,0.5454545454545454,0.23529411764705882,0.5294117647058824,0.23275862068965517,0.21428571428571427,0.25,0.42857142857142855,0.17647058823529413,0.2872340425531915,0.23529411764705882,0.29268292682926833,0.5454545454545454,0.2,0.5294117647058824,0.19708029197080293
199668729,True,False,750,0,"199668729/general_config.generic_type_allowance=False,general_config.priming=True,general_config.token_limit=750/seed=0/199668729/eval_results/eval_metrics.yml",0.2857142857142857,0.42857142857142855,0.21428571428571427,0.3425414364640884,0.35,0.49122807017543857,0.27184466019417475,0.484375,0.26495726495726496,0.21428571428571427,0.25,0.42857142857142855,0.17647058823529413,0.2941176470588235,0.2647058823529412,0.3,0.47368421052631576,0.21951219512195122,0.46875,0.21428571428571427
199668729,True,False,1000,1,"199668729/general_config.generic_type_allowance=False,general_config.priming=True,general_config.token_limit=1000/seed=1/199668729/eval_results/eval_metrics.yml",0.2857142857142857,0.42857142857142855,0.21428571428571427,0.3313609467455621,0.33783783783783783,0.5813953488372093,0.23809523809523808,0.56,0.23529411764705882,0.21428571428571427,0.25,0.42857142857142855,0.17647058823529413,0.26595744680851063,0.21568627450980393,0.2682926829268293,0.5116279069767442,0.18181818181818182,0.5,0.18115942028985507
199668729,True,False,1000,2,"199668729/general_config.generic_type_allowance=False,general_config.priming=True,general_config.token_limit=1000/seed=2/199668729/eval_results/eval_metrics.yml",0.4827586206896552,0.4666666666666667,0.5,0.40641711229946526,0.39240506329113917,0.5535714285714286,0.30392156862745096,0.5352112676056338,0.3275862068965517,0.5,0.3888888888888889,0.4666666666666667,0.3333333333333333,0.34862385321100914,0.30392156862745096,0.34065934065934067,0.5535714285714286,0.24603174603174602,0.5352112676056338,0.2585034013605442
199668729,True,False,1000,0,"199668729/general_config.generic_type_allowance=False,general_config.priming=True,general_config.token_limit=1000/seed=0/199668729/eval_results/eval_metrics.yml",0.2857142857142857,0.42857142857142855,0.21428571428571427,0.35294117647058826,0.3624161073825503,0.6136363636363636,0.2571428571428571,0.5882352941176471,0.25210084033613445,0.21428571428571427,0.25,0.42857142857142855,0.17647058823529413,0.2872340425531915,0.23529411764705882,0.29268292682926833,0.5454545454545454,0.2,0.5294117647058824,0.19708029197080293
199668729,False,True,1000,1,"199668729/general_config.generic_type_allowance=True,general_config.priming=False,general_config.token_limit=1000/seed=1/199668729/eval_results/eval_metrics.yml",0.30769230769230765,0.3333333333333333,0.2857142857142857,0.3487179487179487,0.3550295857988166,0.44776119402985076,0.29411764705882354,0.43037974683544306,0.29310344827586204,0.2857142857142857,0.26666666666666666,0.3333333333333333,0.2222222222222222,0.30630630630630634,0.29411764705882354,0.3125,0.44776119402985076,0.24,0.43037974683544306,0.23776223776223776
199668729,False,True,1000,2,"199668729/general_config.generic_type_allowance=True,general_config.priming=False,general_config.token_limit=1000/seed=2/199668729/eval_results/eval_metrics.yml",0.5909090909090909,0.6190476190476191,0.5652173913043478,0.4210526315789474,0.3757575757575758,0.5081967213114754,0.2980769230769231,0.5365853658536586,0.3464566929133858,0.2857142857142857,0.20512820512820512,0.19047619047619047,0.2222222222222222,0.29464285714285715,0.28431372549019607,0.3135135135135135,0.47540983606557374,0.23387096774193547,0.4024390243902439,0.2323943661971831
199668729,False,True,1000,0,"199668729/general_config.generic_type_allowance=True,general_config.priming=False,general_config.token_limit=1000/seed=0/199668729/eval_results/eval_metrics.yml",0.30769230769230765,0.3333333333333333,0.2857142857142857,0.4099999999999999,0.42528735632183906,0.5138888888888888,0.3627450980392157,0.4880952380952381,0.35344827586206895,0.2857142857142857,0.26666666666666666,0.3333333333333333,0.2222222222222222,0.34893617021276596,0.3627450980392157,0.3609756097560975,0.5138888888888888,0.2781954887218045,0.4880952380952381,0.271523178807947
199668729,True,False,250,1,"199668729/general_config.generic_type_allowance=False,general_config.priming=True,general_config.token_limit=250/seed=1/199668729/eval_results/eval_metrics.yml",0.18181818181818182,0.25,0.14285714285714285,0.41999999999999993,0.449438202247191,0.5714285714285714,0.37037037037037035,0.5384615384615384,0.3442622950819672,0.14285714285714285,0.16666666666666666,0.25,0.125,0.3257918552036199,0.3333333333333333,0.3451776649746193,0.4857142857142857,0.2677165354330709,0.46153846153846156,0.2517482517482518
199668729,True,False,250,2,"199668729/general_config.generic_type_allowance=False,general_config.priming=True,general_config.token_limit=250/seed=2/199668729/eval_results/eval_metrics.yml",0.32,0.4,0.26666666666666666,0.4593301435406698,0.4782608695652174,0.6111111111111112,0.39285714285714285,0.5853658536585366,0.3779527559055118,0.21428571428571427,0.22222222222222224,0.3,0.17647058823529413,0.3303571428571428,0.3333333333333333,0.34517766497461927,0.4722222222222222,0.272,0.45121951219512196,0.2605633802816901
199668729,True,False,250,0,"199668729/general_config.generic_type_allowance=False,general_config.priming=True,general_config.token_limit=250/seed=0/199668729/eval_results/eval_metrics.yml",0.29629629629629634,0.3076923076923077,0.2857142857142857,0.4347826086956522,0.45555555555555555,0.5694444444444444,0.37962962962962965,0.5294117647058824,0.36885245901639346,0.2857142857142857,0.2580645161290323,0.3076923076923077,0.2222222222222222,0.33766233766233766,0.3431372549019608,0.35,0.4861111111111111,0.2734375,0.4588235294117647,0.2671232876712329
199668729,True,True,1000,1,"199668729/general_config.generic_type_allowance=True,general_config.priming=True,general_config.token_limit=1000/seed=1/199668729/eval_results/eval_metrics.yml",0.2857142857142857,0.42857142857142855,0.21428571428571427,0.3463687150837989,0.35443037974683544,0.5185185185185185,0.2692307692307692,0.5081967213114754,0.2627118644067797,0.21428571428571427,0.25,0.42857142857142855,0.17647058823529413,0.29292929292929293,0.2549019607843137,0.29885057471264365,0.48148148148148145,0.21666666666666667,0.47540983606557374,0.2116788321167883
199668729,True,True,1000,2,"199668729/general_config.generic_type_allowance=True,general_config.priming=True,general_config.token_limit=1000/seed=2/199668729/eval_results/eval_metrics.yml",0.2857142857142857,0.42857142857142855,0.21428571428571427,0.35555555555555557,0.36477987421383645,0.5272727272727272,0.27884615384615385,0.5161290322580645,0.2711864406779661,0.21428571428571427,0.25,0.42857142857142855,0.17647058823529413,0.3,0.2647058823529412,0.3068181818181818,0.4909090909090909,0.2231404958677686,0.4838709677419355,0.21739130434782608
199668729,True,True,1000,0,"199668729/general_config.generic_type_allowance=True,general_config.priming=True,general_config.token_limit=1000/seed=0/199668729/eval_results/eval_metrics.yml",0.2857142857142857,0.42857142857142855,0.21428571428571427,0.3783783783783784,0.3902439024390244,0.5517241379310345,0.3018867924528302,0.5384615384615384,0.2916666666666667,0.21428571428571427,0.25,0.42857142857142855,0.17647058823529413,0.30243902439024395,0.27450980392156865,0.30939226519337015,0.4827586206896552,0.22764227642276422,0.47692307692307695,0.22142857142857142
199668729,True,True,250,1,"199668729/general_config.generic_type_allowance=True,general_config.priming=True,general_config.token_limit=250/seed=1/199668729/eval_results/eval_metrics.yml",0.25,0.3,0.21428571428571427,0.4549356223175966,0.4784688995215311,0.5050505050505051,0.45454545454545453,0.48623853211009177,0.4274193548387097,0.21428571428571427,0.22222222222222224,0.3,0.17647058823529413,0.3461538461538462,0.4117647058823529,0.3605150214592274,0.42424242424242425,0.31343283582089554,0.41284403669724773,0.2980132450331126
199668729,True,True,250,2,"199668729/general_config.generic_type_allowance=True,general_config.priming=True,general_config.token_limit=250/seed=2/199668729/eval_results/eval_metrics.yml",0.3846153846153846,0.4166666666666667,0.35714285714285715,0.5228215767634855,0.5395348837209303,0.5742574257425742,0.5087719298245614,0.5575221238938053,0.4921875,0.35714285714285715,0.3225806451612903,0.4166666666666667,0.2631578947368421,0.3763837638376384,0.45098039215686275,0.3833333333333333,0.45544554455445546,0.33093525179856115,0.45132743362831856,0.3227848101265823
199668729,True,True,250,0,"199668729/general_config.generic_type_allowance=True,general_config.priming=True,general_config.token_limit=250/seed=0/199668729/eval_results/eval_metrics.yml",0.4827586206896552,0.5,0.4666666666666667,0.5811320754716981,0.5932203389830508,0.5932203389830508,0.5932203389830508,0.5833333333333334,0.5789473684210527,0.42857142857142855,0.3529411764705882,0.42857142857142855,0.3,0.4013377926421405,0.5294117647058824,0.4075471698113207,0.4576271186440678,0.3673469387755102,0.45454545454545453,0.3592814371257485
199668729,False,True,250,1,"199668729/general_config.generic_type_allowance=True,general_config.priming=False,general_config.token_limit=250/seed=1/199668729/eval_results/eval_metrics.yml",0.5090909090909091,0.42424242424242425,0.6363636363636364,0.5362776025236593,0.5419847328244274,0.5220588235294118,0.5634920634920635,0.5029585798816568,0.5743243243243243,0.42857142857142855,0.23076923076923078,0.18181818181818182,0.3157894736842105,0.3241590214067278,0.46078431372549017,0.3418181818181818,0.34558823529411764,0.3381294964028777,0.3136094674556213,0.33544303797468356
199668729,False,True,250,2,"199668729/general_config.generic_type_allowance=True,general_config.priming=False,general_config.token_limit=250/seed=2/199668729/eval_results/eval_metrics.yml",0.5199999999999999,0.43333333333333335,0.65,0.5592705167173253,0.5663082437275986,0.512987012987013,0.632,0.5,0.6344827586206897,0.5,0.2857142857142857,0.23333333333333334,0.3684210526315789,0.36000000000000004,0.5490196078431373,0.37209302325581395,0.36363636363636365,0.38095238095238093,0.3423913043478261,0.3795180722891566
199668729,False,True,250,0,"199668729/general_config.generic_type_allowance=True,general_config.priming=False,general_config.token_limit=250/seed=0/199668729/eval_results/eval_metrics.yml",0.5652173913043479,0.5,0.65,0.5433526011560693,0.5399999999999999,0.47368421052631576,0.627906976744186,0.47715736040609136,0.6308724832214765,0.5,0.3111111111111111,0.2692307692307692,0.3684210526315789,0.33795013850415506,0.5294117647058824,0.34177215189873417,0.3157894736842105,0.3724137931034483,0.3096446700507614,0.3719512195121951
199668729,True,True,750,1,"199668729/general_config.generic_type_allowance=True,general_config.priming=True,general_config.token_limit=750/seed=1/199668729/eval_results/eval_metrics.yml",0.2857142857142857,0.42857142857142855,0.21428571428571427,0.3586956521739131,0.3680981595092025,0.5454545454545454,0.2777777777777778,0.532258064516129,0.27049180327868855,0.21428571428571427,0.25,0.42857142857142855,0.17647058823529413,0.27,0.23529411764705882,0.27272727272727276,0.43636363636363634,0.19834710743801653,0.43548387096774194,0.1956521739130435
199668729,True,True,750,2,"199668729/general_config.generic_type_allowance=True,general_config.priming=True,general_config.token_limit=750/seed=2/199668729/eval_results/eval_metrics.yml",0.2857142857142857,0.42857142857142855,0.21428571428571427,0.35955056179775285,0.3694267515923566,0.58,0.27102803738317754,0.5614035087719298,0.2644628099173554,0.21428571428571427,0.25,0.42857142857142855,0.17647058823529413,0.2769230769230769,0.23529411764705882,0.2807017543859649,0.48,0.19834710743801653,0.47368421052631576,0.1956521739130435
199668729,True,True,750,0,"199668729/general_config.generic_type_allowance=True,general_config.priming=True,general_config.token_limit=750/seed=0/199668729/eval_results/eval_metrics.yml",0.2857142857142857,0.42857142857142855,0.21428571428571427,0.36263736263736274,0.37267080745341613,0.5660377358490566,0.2777777777777778,0.55,0.27049180327868855,0.21428571428571427,0.25,0.42857142857142855,0.17647058823529413,0.2727272727272727,0.23529411764705882,0.27586206896551724,0.4528301886792453,0.19834710743801653,0.45,0.1956521739130435
199668729,False,True,500,1,"199668729/general_config.generic_type_allowance=True,general_config.priming=False,general_config.token_limit=500/seed=1/199668729/eval_results/eval_metrics.yml",0.7272727272727273,0.7142857142857143,0.7407407407407407,0.5985915492957745,0.5676855895196506,0.5752212389380531,0.5603448275862069,0.6028368794326241,0.5944055944055944,0.5,0.2978723404255319,0.25,0.3684210526315789,0.3790849673202614,0.5,0.39382239382239387,0.45132743362831856,0.3493150684931507,0.41134751773049644,0.3515151515151515
199668729,False,True,500,2,"199668729/general_config.generic_type_allowance=True,general_config.priming=False,general_config.token_limit=500/seed=2/199668729/eval_results/eval_metrics.yml",0.4137931034482759,0.4,0.42857142857142855,0.45528455284552843,0.4608294930875576,0.4854368932038835,0.43859649122807015,0.4745762711864407,0.4375,0.42857142857142855,0.3636363636363636,0.4,0.3333333333333333,0.32592592592592595,0.37254901960784315,0.3206751054852321,0.36893203883495146,0.2835820895522388,0.3728813559322034,0.2894736842105263
199668729,False,True,500,0,"199668729/general_config.generic_type_allowance=True,general_config.priming=False,general_config.token_limit=500/seed=0/199668729/eval_results/eval_metrics.yml",0.68,0.6538461538461539,0.7083333333333334,0.6033898305084746,0.5877551020408163,0.5581395348837209,0.6206896551724138,0.5741935483870968,0.6357142857142857,0.5,0.3111111111111111,0.2692307692307692,0.3684210526315789,0.39634146341463417,0.5686274509803921,0.4098939929328622,0.4496124031007752,0.37662337662337664,0.41935483870967744,0.37572254335260113
199668729,False,False,250,1,"199668729/general_config.generic_type_allowance=False,general_config.priming=False,general_config.token_limit=250/seed=1/199668729/eval_results/eval_metrics.yml",0.3529411764705882,0.3,0.42857142857142855,0.5035460992907802,0.5241935483870968,0.48872180451127817,0.5652173913043478,0.46405228758169936,0.5503875968992248,0.42857142857142855,0.3157894736842105,0.3,0.3333333333333333,0.36942675159235666,0.5098039215686274,0.3768115942028985,0.39097744360902253,0.36363636363636365,0.3790849673202614,0.36024844720496896
199668729,False,False,250,2,"199668729/general_config.generic_type_allowance=False,general_config.priming=False,general_config.token_limit=250/seed=2/199668729/eval_results/eval_metrics.yml",0.3529411764705882,0.3,0.42857142857142855,0.5314685314685315,0.5555555555555555,0.5147058823529411,0.603448275862069,0.48717948717948717,0.5846153846153846,0.42857142857142855,0.3157894736842105,0.3,0.3333333333333333,0.3862928348909657,0.5490196078431373,0.39575971731448756,0.4117647058823529,0.38095238095238093,0.3974358974358974,0.37575757575757573
199668729,False,False,250,0,"199668729/general_config.generic_type_allowance=False,general_config.priming=False,general_config.token_limit=250/seed=0/199668729/eval_results/eval_metrics.yml",0.3870967741935484,0.35294117647058826,0.42857142857142855,0.47686832740213525,0.488,0.4420289855072464,0.5446428571428571,0.432258064516129,0.5317460317460317,0.42857142857142855,0.34285714285714286,0.35294117647058826,0.3333333333333333,0.3619047619047619,0.5,0.3642857142857142,0.3695652173913043,0.3591549295774648,0.36774193548387096,0.35625
199668729,False,True,750,1,"199668729/general_config.generic_type_allowance=True,general_config.priming=False,general_config.token_limit=750/seed=1/199668729/eval_results/eval_metrics.yml",0.3703703703703704,0.38461538461538464,0.35714285714285715,0.4579439252336449,0.47058823529411764,0.5569620253164557,0.4074074074074074,0.532608695652174,0.4016393442622951,0.35714285714285715,0.33333333333333337,0.38461538461538464,0.29411764705882354,0.3613445378151261,0.37254901960784315,0.3653846153846154,0.4810126582278481,0.29457364341085274,0.4673913043478261,0.2945205479452055
199668729,False,True,750,2,"199668729/general_config.generic_type_allowance=True,general_config.priming=False,general_config.token_limit=750/seed=2/199668729/eval_results/eval_metrics.yml",0.6,0.631578947368421,0.5714285714285714,0.42342342342342343,0.3846153846153846,0.44871794871794873,0.33653846153846156,0.4845360824742268,0.376,0.35714285714285715,0.27777777777777773,0.2631578947368421,0.29411764705882354,0.3179916317991631,0.3235294117647059,0.3251231527093596,0.4230769230769231,0.264,0.3917525773195876,0.2676056338028169
199668729,False,True,750,0,"199668729/general_config.generic_type_allowance=True,general_config.priming=False,general_config.token_limit=750/seed=0/199668729/eval_results/eval_metrics.yml",0.5641025641025641,0.5789473684210527,0.55,0.45662100456621,0.43333333333333335,0.52,0.37142857142857144,0.5319148936170213,0.4,0.35714285714285715,0.27777777777777773,0.2631578947368421,0.29411764705882354,0.34309623430962344,0.35294117647058826,0.35467980295566504,0.48,0.28125,0.43617021276595747,0.2827586206896552
199668729,True,False,500,1,"199668729/general_config.generic_type_allowance=False,general_config.priming=True,general_config.token_limit=500/seed=1/199668729/eval_results/eval_metrics.yml",0.2608695652173913,0.3333333333333333,0.21428571428571427,0.35028248587570615,0.36363636363636365,0.6086956521739131,0.25925925925925924,0.5636363636363636,0.2540983606557377,0.21428571428571427,0.23076923076923078,0.3333333333333333,0.17647058823529413,0.2631578947368421,0.21568627450980393,0.26829268292682923,0.4782608695652174,0.1864406779661017,0.45454545454545453,0.18518518518518517
199668729,True,False,500,2,"199668729/general_config.generic_type_allowance=False,general_config.priming=True,general_config.token_limit=500/seed=2/199668729/eval_results/eval_metrics.yml",0.26086956521739135,0.375,0.2,0.3555555555555555,0.3694267515923567,0.5471698113207547,0.27884615384615385,0.5245901639344263,0.2689075630252101,0.14285714285714285,0.16666666666666666,0.25,0.125,0.29292929292929293,0.2647058823529412,0.3103448275862069,0.5094339622641509,0.2231404958677686,0.47540983606557374,0.2116788321167883
199668729,True,False,500,0,"199668729/general_config.generic_type_allowance=False,general_config.priming=True,general_config.token_limit=500/seed=0/199668729/eval_results/eval_metrics.yml",0.2857142857142857,0.42857142857142855,0.21428571428571427,0.3763440860215053,0.3878787878787879,0.5333333333333333,0.3047619047619048,0.5223880597014925,0.29411764705882354,0.21428571428571427,0.25,0.42857142857142855,0.17647058823529413,0.30917874396135264,0.28431372549019607,0.31693989071038253,0.48333333333333334,0.23577235772357724,0.47761194029850745,0.22857142857142856
199668729,False,False,500,1,"199668729/general_config.generic_type_allowance=False,general_config.priming=False,general_config.token_limit=500/seed=1/199668729/eval_results/eval_metrics.yml",0.43749999999999994,0.4117647058823529,0.4666666666666667,0.4754098360655738,0.48113207547169806,0.53125,0.4396551724137931,0.5132743362831859,0.44274809160305345,0.42857142857142855,0.34285714285714286,0.35294117647058826,0.3333333333333333,0.32575757575757575,0.3627450980392157,0.3231441048034934,0.3854166666666667,0.2781954887218045,0.3805309734513274,0.2847682119205298
199668729,False,False,500,2,"199668729/general_config.generic_type_allowance=False,general_config.priming=False,general_config.token_limit=500/seed=2/199668729/eval_results/eval_metrics.yml",0.3225806451612903,0.29411764705882354,0.35714285714285715,0.4242424242424242,0.44000000000000006,0.4888888888888889,0.4,0.45794392523364486,0.3951612903225806,0.35714285714285715,0.29411764705882354,0.29411764705882354,0.29411764705882354,0.3203125,0.35294117647058826,0.3243243243243243,0.4,0.2727272727272727,0.38317757009345793,0.2751677852348993
199668729,False,False,500,0,"199668729/general_config.generic_type_allowance=False,general_config.priming=False,general_config.token_limit=500/seed=0/199668729/eval_results/eval_metrics.yml",0.38709677419354843,0.375,0.4,0.453781512605042,0.46376811594202894,0.5052631578947369,0.42857142857142855,0.4864864864864865,0.4251968503937008,0.35714285714285715,0.30303030303030304,0.3125,0.29411764705882354,0.32824427480916035,0.37254901960784315,0.3318777292576419,0.4,0.2835820895522388,0.38738738738738737,0.2847682119205298
199668729,True,True,500,1,"199668729/general_config.generic_type_allowance=True,general_config.priming=True,general_config.token_limit=500/seed=1/199668729/eval_results/eval_metrics.yml",0.2857142857142857,0.42857142857142855,0.21428571428571427,0.34594594594594597,0.35365853658536583,0.46774193548387094,0.28431372549019607,0.463768115942029,0.27586206896551724,0.21428571428571427,0.25,0.42857142857142855,0.17647058823529413,0.3033175355450237,0.28431372549019607,0.3101604278074866,0.46774193548387094,0.232,0.463768115942029,0.22535211267605634
199668729,True,True,500,2,"199668729/general_config.generic_type_allowance=True,general_config.priming=True,general_config.token_limit=500/seed=2/199668729/eval_results/eval_metrics.yml",0.2857142857142857,0.42857142857142855,0.21428571428571427,0.37837837837837834,0.3902439024390244,0.5333333333333333,0.3076923076923077,0.5223880597014925,0.2966101694915254,0.21428571428571427,0.25,0.42857142857142855,0.17647058823529413,0.31884057971014496,0.29411764705882354,0.32786885245901637,0.5,0.24390243902439024,0.4925373134328358,0.2357142857142857
199668729,True,True,500,0,"199668729/general_config.generic_type_allowance=True,general_config.priming=True,general_config.token_limit=500/seed=0/199668729/eval_results/eval_metrics.yml",0.2857142857142857,0.42857142857142855,0.21428571428571427,0.40609137055837563,0.4204545454545454,0.5362318840579711,0.34579439252336447,0.5263157894736842,0.3305785123966942,0.21428571428571427,0.25,0.42857142857142855,0.17647058823529413,0.3153153153153153,0.3137254901960784,0.3232323232323232,0.463768115942029,0.24806201550387597,0.4605263157894737,0.23972602739726026
199668729,False,False,1000,1,"199668729/general_config.generic_type_allowance=False,general_config.priming=False,general_config.token_limit=1000/seed=1/199668729/eval_results/eval_metrics.yml",0.34782608695652173,0.4444444444444444,0.2857142857142857,0.36363636363636365,0.3657142857142857,0.4507042253521127,0.3076923076923077,0.45,0.3050847457627119,0.2857142857142857,0.2962962962962963,0.4444444444444444,0.2222222222222222,0.30357142857142855,0.29411764705882354,0.30456852791878175,0.4225352112676056,0.23809523809523808,0.425,0.2361111111111111
199668729,False,False,1000,2,"199668729/general_config.generic_type_allowance=False,general_config.priming=False,general_config.token_limit=1000/seed=2/199668729/eval_results/eval_metrics.yml",0.34782608695652173,0.4444444444444444,0.2857142857142857,0.3756345177664975,0.3793103448275862,0.4782608695652174,0.3142857142857143,0.47435897435897434,0.31092436974789917,0.2857142857142857,0.2962962962962963,0.4444444444444444,0.2222222222222222,0.3063063063063063,0.29411764705882354,0.30769230769230765,0.43478260869565216,0.23809523809523808,0.4358974358974359,0.2361111111111111
199668729,False,False,1000,0,"199668729/general_config.generic_type_allowance=False,general_config.priming=False,general_config.token_limit=1000/seed=0/199668729/eval_results/eval_metrics.yml",0.35714285714285715,0.35714285714285715,0.35714285714285715,0.35175879396984927,0.3508771929824561,0.4411764705882353,0.2912621359223301,0.4268292682926829,0.29914529914529914,0.35714285714285715,0.30303030303030304,0.35714285714285715,0.2631578947368421,0.30088495575221236,0.28431372549019607,0.3005181347150259,0.4264705882352941,0.232,0.4146341463414634,0.2361111111111111
201307511,False,False,750,1,"201307511/general_config.generic_type_allowance=False,general_config.priming=False,general_config.token_limit=750/seed=1/201307511/eval_results/eval_metrics.yml",0.5263157894736842,0.7692307692307693,0.4,0.46979865771812085,0.45045045045045046,0.4807692307692308,0.423728813559322,0.5384615384615384,0.4166666666666667,0.11764705882352941,0.125,0.15384615384615385,0.10526315789473684,0.31055900621118016,0.40350877192982454,0.35658914728682173,0.4423076923076923,0.2987012987012987,0.38461538461538464,0.2604166666666667
201307511,False,False,750,2,"201307511/general_config.generic_type_allowance=False,general_config.priming=False,general_config.token_limit=750/seed=2/201307511/eval_results/eval_metrics.yml",0.2857142857142857,0.4444444444444444,0.21052631578947367,0.47435897435897434,0.515625,0.5,0.532258064516129,0.49333333333333335,0.4567901234567901,0.11764705882352941,0.14285714285714285,0.2222222222222222,0.10526315789473684,0.3448275862068965,0.49122807017543857,0.3835616438356164,0.42424242424242425,0.35,0.4,0.30303030303030304
201307511,False,False,750,0,"201307511/general_config.generic_type_allowance=False,general_config.priming=False,general_config.token_limit=750/seed=0/201307511/eval_results/eval_metrics.yml",0.30303030303030304,0.35714285714285715,0.2631578947368421,0.4370860927152318,0.4745762711864407,0.4745762711864407,0.4745762711864407,0.4520547945205479,0.4230769230769231,0.17647058823529413,0.1764705882352941,0.21428571428571427,0.15,0.3352601156069364,0.45614035087719296,0.3741007194244604,0.4406779661016949,0.325,0.3972602739726027,0.29
201307511,True,False,750,1,"201307511/general_config.generic_type_allowance=False,general_config.priming=True,general_config.token_limit=750/seed=1/201307511/eval_results/eval_metrics.yml",0.13793103448275862,0.16666666666666666,0.11764705882352941,0.30400000000000005,0.35416666666666663,0.4473684210526316,0.29310344827586204,0.38,0.25333333333333335,0.11764705882352941,0.12903225806451615,0.16666666666666666,0.10526315789473684,0.2571428571428571,0.2807017543859649,0.2935779816513761,0.42105263157894735,0.22535211267605634,0.36,0.2
201307511,True,False,750,2,"201307511/general_config.generic_type_allowance=False,general_config.priming=True,general_config.token_limit=750/seed=2/201307511/eval_results/eval_metrics.yml",0.5909090909090908,0.8125,0.4642857142857143,0.43795620437956206,0.3655913978494624,0.5,0.288135593220339,0.6,0.3448275862068966,0.11764705882352941,0.11428571428571428,0.125,0.10526315789473684,0.2446043165467626,0.2631578947368421,0.28846153846153844,0.4411764705882353,0.21428571428571427,0.34,0.19101123595505617
201307511,True,False,750,0,"201307511/general_config.generic_type_allowance=False,general_config.priming=True,general_config.token_limit=750/seed=0/201307511/eval_results/eval_metrics.yml",0.5789473684210527,0.7857142857142857,0.4583333333333333,0.46715328467153283,0.42424242424242425,0.5121951219512195,0.3620689655172414,0.5818181818181818,0.3902439024390244,0.23529411764705882,0.22857142857142854,0.2857142857142857,0.19047619047619047,0.31788079470198677,0.3508771929824561,0.3448275862068965,0.4878048780487805,0.26666666666666666,0.43636363636363634,0.25
201307511,True,False,1000,1,"201307511/general_config.generic_type_allowance=False,general_config.priming=True,general_config.token_limit=1000/seed=1/201307511/eval_results/eval_metrics.yml",0.32000000000000006,0.8,0.2,0.42857142857142855,0.45544554455445546,0.5476190476190477,0.3898305084745763,0.574468085106383,0.34177215189873417,0.058823529411764705,0.08695652173913045,0.2,0.05555555555555555,0.31428571428571433,0.3684210526315789,0.358974358974359,0.5,0.28,0.46808510638297873,0.23655913978494625
201307511,True,False,1000,2,"201307511/general_config.generic_type_allowance=False,general_config.priming=True,general_config.token_limit=1000/seed=2/201307511/eval_results/eval_metrics.yml",0.358974358974359,0.3684210526315789,0.35,0.39682539682539686,0.4137931034482759,0.6428571428571429,0.3050847457627119,0.5319148936170213,0.31645569620253167,0.23529411764705882,0.2,0.21052631578947367,0.19047619047619047,0.28776978417266186,0.2807017543859649,0.3232323232323232,0.5714285714285714,0.22535211267605634,0.425531914893617,0.21739130434782608
201307511,True,False,1000,0,"201307511/general_config.generic_type_allowance=False,general_config.priming=True,general_config.token_limit=1000/seed=0/201307511/eval_results/eval_metrics.yml",0.41379310344827586,0.6666666666666666,0.3,0.39370078740157477,0.3877551020408163,0.5135135135135135,0.3114754098360656,0.5434782608695652,0.30864197530864196,0.17647058823529413,0.20689655172413793,0.3333333333333333,0.15,0.26277372262773724,0.2631578947368421,0.2777777777777778,0.40540540540540543,0.2112676056338028,0.391304347826087,0.1978021978021978
201307511,False,True,1000,1,"201307511/general_config.generic_type_allowance=True,general_config.priming=False,general_config.token_limit=1000/seed=1/201307511/eval_results/eval_metrics.yml",0.21428571428571427,0.3,0.16666666666666666,0.44871794871794873,0.5,0.5,0.5,0.47297297297297297,0.4268292682926829,0.11764705882352941,0.13793103448275862,0.2,0.10526315789473684,0.31578947368421056,0.43859649122807015,0.35211267605633806,0.390625,0.32051282051282054,0.36486486486486486,0.27835051546391754
201307511,False,True,1000,2,"201307511/general_config.generic_type_allowance=True,general_config.priming=False,general_config.token_limit=1000/seed=2/201307511/eval_results/eval_metrics.yml",0.37037037037037035,0.7142857142857143,0.25,0.48226950354609927,0.5087719298245614,0.58,0.453125,0.5964912280701754,0.40476190476190477,0.11764705882352941,0.15384615384615385,0.2857142857142857,0.10526315789473684,0.31788079470198677,0.38596491228070173,0.352,0.44,0.29333333333333333,0.42105263157894735,0.2553191489361702
201307511,False,True,1000,0,"201307511/general_config.generic_type_allowance=True,general_config.priming=False,general_config.token_limit=1000/seed=0/201307511/eval_results/eval_metrics.yml",0.36363636363636365,0.5,0.2857142857142857,0.48101265822784806,0.512,0.5079365079365079,0.5161290322580645,0.5066666666666667,0.4578313253012048,0.11764705882352941,0.12903225806451615,0.16666666666666666,0.10526315789473684,0.33333333333333337,0.47368421052631576,0.37762237762237766,0.42857142857142855,0.3375,0.38666666666666666,0.29292929292929293
201307511,True,False,250,1,"201307511/general_config.generic_type_allowance=False,general_config.priming=True,general_config.token_limit=250/seed=1/201307511/eval_results/eval_metrics.yml",0.5909090909090908,0.8125,0.4642857142857143,0.4774193548387097,0.4324324324324324,0.47058823529411764,0.4,0.5522388059701493,0.42045454545454547,0.11764705882352941,0.11428571428571428,0.125,0.10526315789473684,0.2822085889570552,0.3684210526315789,0.328125,0.4117647058823529,0.2727272727272727,0.34328358208955223,0.23958333333333334
201307511,True,False,250,2,"201307511/general_config.generic_type_allowance=False,general_config.priming=True,general_config.token_limit=250/seed=2/201307511/eval_results/eval_metrics.yml",0.39999999999999997,0.32142857142857145,0.5294117647058824,0.4713375796178344,0.5,0.509090909090909,0.49122807017543857,0.4457831325301205,0.5,0.5294117647058824,0.3333333333333333,0.32142857142857145,0.34615384615384615,0.3894736842105263,0.49122807017543857,0.4117647058823529,0.509090909090909,0.345679012345679,0.4457831325301205,0.34579439252336447
201307511,True,False,250,0,"201307511/general_config.generic_type_allowance=False,general_config.priming=True,general_config.token_limit=250/seed=0/201307511/eval_results/eval_metrics.yml",0.5945945945945945,0.9166666666666666,0.44,0.525,0.5040650406504066,0.49206349206349204,0.5166666666666667,0.56,0.49411764705882355,0.17647058823529413,0.18749999999999997,0.25,0.15,0.3542857142857142,0.49122807017543857,0.39160839160839156,0.4444444444444444,0.35,0.41333333333333333,0.31
201307511,True,True,1000,1,"201307511/general_config.generic_type_allowance=True,general_config.priming=True,general_config.token_limit=1000/seed=1/201307511/eval_results/eval_metrics.yml",0.5294117647058824,0.8181818181818182,0.391304347826087,0.4347826086956521,0.40384615384615385,0.4772727272727273,0.35,0.5454545454545454,0.3614457831325301,0.17647058823529413,0.19354838709677416,0.2727272727272727,0.15,0.28378378378378377,0.3157894736842105,0.3076923076923077,0.4090909090909091,0.2465753424657534,0.38181818181818183,0.22580645161290322
201307511,True,True,1000,2,"201307511/general_config.generic_type_allowance=True,general_config.priming=True,general_config.token_limit=1000/seed=2/201307511/eval_results/eval_metrics.yml",0.5142857142857143,0.75,0.391304347826087,0.45517241379310347,0.43636363636363634,0.5106382978723404,0.38095238095238093,0.559322033898305,0.38372093023255816,0.17647058823529413,0.18749999999999997,0.25,0.15,0.2781456953642384,0.3157894736842105,0.3025210084033613,0.3829787234042553,0.25,0.3559322033898305,0.22826086956521738
201307511,True,True,1000,0,"201307511/general_config.generic_type_allowance=True,general_config.priming=True,general_config.token_limit=1000/seed=0/201307511/eval_results/eval_metrics.yml",0.5000000000000001,0.8,0.36363636363636365,0.4507042253521127,0.43636363636363634,0.5,0.3870967741935484,0.5517241379310345,0.38095238095238093,0.17647058823529413,0.2,0.3,0.15,0.2894736842105263,0.3333333333333333,0.31147540983606553,0.3958333333333333,0.25675675675675674,0.3793103448275862,0.23404255319148937
201307511,True,True,250,1,"201307511/general_config.generic_type_allowance=True,general_config.priming=True,general_config.token_limit=250/seed=1/201307511/eval_results/eval_metrics.yml",0.6538461538461537,0.8095238095238095,0.5483870967741935,0.6175115207373272,0.606060606060606,0.5952380952380952,0.6172839506172839,0.638095238095238,0.5982142857142857,0.17647058823529413,0.14634146341463414,0.14285714285714285,0.15,0.28431372549019607,0.45614035087719296,0.31901840490797545,0.30952380952380953,0.3291139240506329,0.2761904761904762,0.29292929292929293
201307511,True,True,250,2,"201307511/general_config.generic_type_allowance=True,general_config.priming=True,general_config.token_limit=250/seed=2/201307511/eval_results/eval_metrics.yml",0.5,0.5263157894736842,0.47619047619047616,0.49450549450549447,0.4929577464788732,0.4605263157894737,0.5303030303030303,0.47368421052631576,0.5172413793103449,0.35294117647058826,0.28571428571428575,0.3157894736842105,0.2608695652173913,0.3232323232323232,0.45614035087719296,0.33333333333333337,0.34210526315789475,0.325,0.3368421052631579,0.3106796116504854
201307511,True,True,250,0,"201307511/general_config.generic_type_allowance=True,general_config.priming=True,general_config.token_limit=250/seed=0/201307511/eval_results/eval_metrics.yml",0.736842105263158,0.75,0.7241379310344828,0.696,0.683937823834197,0.5945945945945946,0.8048780487804879,0.6258992805755396,0.7837837837837838,0.5294117647058824,0.3333333333333333,0.32142857142857145,0.34615384615384615,0.38759689922480617,0.7192982456140351,0.4019607843137255,0.36936936936936937,0.44086021505376344,0.3597122302158273,0.42016806722689076
201307511,False,True,250,1,"201307511/general_config.generic_type_allowance=True,general_config.priming=False,general_config.token_limit=250/seed=1/201307511/eval_results/eval_metrics.yml",0.8282828282828283,0.8723404255319149,0.7884615384615384,0.757396449704142,0.7280334728033473,0.6796875,0.7837837837837838,0.7314285714285714,0.7852760736196319,0.35294117647058826,0.1714285714285714,0.1276595744680851,0.2608695652173913,0.27561837455830385,0.5789473684210527,0.3098591549295775,0.2578125,0.38823529411764707,0.22285714285714286,0.3611111111111111
201307511,False,True,250,2,"201307511/general_config.generic_type_allowance=True,general_config.priming=False,general_config.token_limit=250/seed=2/201307511/eval_results/eval_metrics.yml",0.6896551724137931,0.7692307692307693,0.625,0.673469387755102,0.6694915254237288,0.5851851851851851,0.7821782178217822,0.6149068322981367,0.7443609022556391,0.29411764705882354,0.20833333333333331,0.19230769230769232,0.22727272727272727,0.2962962962962963,0.6140350877192983,0.3153153153153153,0.25925925925925924,0.40229885057471265,0.2484472049689441,0.3669724770642202
201307511,False,True,250,0,"201307511/general_config.generic_type_allowance=True,general_config.priming=False,general_config.token_limit=250/seed=0/201307511/eval_results/eval_metrics.yml",0.7272727272727272,0.7058823529411765,0.75,0.7062937062937062,0.6951871657754011,0.6989247311827957,0.6914893617021277,0.7013888888888888,0.7112676056338029,0.29411764705882354,0.136986301369863,0.09803921568627451,0.22727272727272727,0.2661290322580645,0.49122807017543857,0.32,0.3010752688172043,0.34146341463414637,0.22916666666666666,0.3173076923076923
201307511,True,True,750,1,"201307511/general_config.generic_type_allowance=True,general_config.priming=True,general_config.token_limit=750/seed=1/201307511/eval_results/eval_metrics.yml",0.6666666666666667,0.8666666666666667,0.5416666666666666,0.5131578947368421,0.46017699115044247,0.48148148148148145,0.4406779661016949,0.5652173913043478,0.46987951807228917,0.35294117647058826,0.31578947368421056,0.4,0.2608695652173913,0.3508771929824562,0.42105263157894735,0.36090225563909767,0.4444444444444444,0.3037974683544304,0.43478260869565216,0.29411764705882354
201307511,True,True,750,2,"201307511/general_config.generic_type_allowance=True,general_config.priming=True,general_config.token_limit=750/seed=2/201307511/eval_results/eval_metrics.yml",0.48648648648648646,0.6923076923076923,0.375,0.41481481481481486,0.3877551020408163,0.5,0.31666666666666665,0.5490196078431373,0.3333333333333333,0.11764705882352941,0.125,0.15384615384615385,0.10526315789473684,0.25531914893617025,0.2807017543859649,0.2935779816513761,0.42105263157894735,0.22535211267605634,0.35294117647058826,0.2
201307511,True,True,750,0,"201307511/general_config.generic_type_allowance=True,general_config.priming=True,general_config.token_limit=750/seed=0/201307511/eval_results/eval_metrics.yml",0.45454545454545453,0.5,0.4166666666666667,0.48648648648648646,0.5,0.5777777777777777,0.4406779661016949,0.5538461538461539,0.43373493975903615,0.17647058823529413,0.15,0.15,0.15,0.3292682926829268,0.42105263157894735,0.38709677419354843,0.5333333333333333,0.3037974683544304,0.4153846153846154,0.2727272727272727
201307511,False,True,500,1,"201307511/general_config.generic_type_allowance=True,general_config.priming=False,general_config.token_limit=500/seed=1/201307511/eval_results/eval_metrics.yml",0.4324324324324324,0.5714285714285714,0.34782608695652173,0.5517241379310345,0.5783132530120482,0.5333333333333333,0.631578947368421,0.5384615384615384,0.5656565656565656,0.11764705882352941,0.12121212121212122,0.14285714285714285,0.10526315789473684,0.3009708737864078,0.5087719298245614,0.3352601156069364,0.32222222222222224,0.3493975903614458,0.2980769230769231,0.30392156862745096
201307511,False,True,500,2,"201307511/general_config.generic_type_allowance=True,general_config.priming=False,general_config.token_limit=500/seed=2/201307511/eval_results/eval_metrics.yml",0.47826086956521735,0.55,0.4230769230769231,0.5645933014354066,0.588957055214724,0.5647058823529412,0.6153846153846154,0.5619047619047619,0.5673076923076923,0.11764705882352941,0.10256410256410256,0.1,0.10526315789473684,0.2829268292682927,0.47368421052631576,0.3253012048192771,0.3176470588235294,0.3333333333333333,0.2761904761904762,0.29
201307511,False,True,500,0,"201307511/general_config.generic_type_allowance=True,general_config.priming=False,general_config.token_limit=500/seed=0/201307511/eval_results/eval_metrics.yml",0.5365853658536586,0.6875,0.44,0.5434782608695652,0.5454545454545454,0.5416666666666666,0.5492957746478874,0.5681818181818182,0.5208333333333334,0.17647058823529413,0.16666666666666663,0.1875,0.15,0.2994652406417112,0.43859649122807015,0.3311258278145695,0.3472222222222222,0.31645569620253167,0.3181818181818182,0.2828282828282828
201307511,False,False,250,1,"201307511/general_config.generic_type_allowance=False,general_config.priming=False,general_config.token_limit=250/seed=1/201307511/eval_results/eval_metrics.yml",0.8349514563106797,0.8958333333333334,0.7818181818181819,0.7434210526315789,0.6965174129353233,0.603448275862069,0.8235294117647058,0.6890243902439024,0.8071428571428572,0.29411764705882354,0.14285714285714288,0.10416666666666667,0.22727272727272727,0.3345195729537367,0.7368421052631579,0.3981042654028436,0.3620689655172414,0.4421052631578947,0.2865853658536585,0.4017094017094017
201307511,False,False,250,2,"201307511/general_config.generic_type_allowance=False,general_config.priming=False,general_config.token_limit=250/seed=2/201307511/eval_results/eval_metrics.yml",0.7605633802816902,0.75,0.7714285714285715,0.7142857142857142,0.6974358974358975,0.6017699115044248,0.8292682926829268,0.6375838926174496,0.811965811965812,0.5294117647058824,0.2903225806451613,0.25,0.34615384615384615,0.38376383763837635,0.7543859649122807,0.41148325358851673,0.3805309734513274,0.4479166666666667,0.348993288590604,0.4262295081967213
201307511,False,False,250,0,"201307511/general_config.generic_type_allowance=False,general_config.priming=False,general_config.token_limit=250/seed=0/201307511/eval_results/eval_metrics.yml",0.47619047619047616,0.39473684210526316,0.6,0.5381165919282511,0.5625,0.5113636363636364,0.625,0.47619047619047616,0.6185567010309279,0.4117647058823529,0.22580645161290325,0.18421052631578946,0.2916666666666667,0.31759656652360513,0.5263157894736842,0.3508771929824561,0.3409090909090909,0.3614457831325301,0.29365079365079366,0.34579439252336447
201307511,False,True,750,1,"201307511/general_config.generic_type_allowance=True,general_config.priming=False,general_config.token_limit=750/seed=1/201307511/eval_results/eval_metrics.yml",0.4705882352941176,0.7272727272727273,0.34782608695652173,0.5093167701863355,0.5196850393700788,0.5238095238095238,0.515625,0.5540540540540541,0.47126436781609193,0.11764705882352941,0.13333333333333333,0.18181818181818182,0.10526315789473684,0.32748538011695905,0.45614035087719296,0.36879432624113473,0.4126984126984127,0.3333333333333333,0.3783783783783784,0.28865979381443296
201307511,False,True,750,2,"201307511/general_config.generic_type_allowance=True,general_config.priming=False,general_config.token_limit=750/seed=2/201307511/eval_results/eval_metrics.yml",0.5384615384615384,0.6086956521739131,0.4827586206896552,0.5088757396449705,0.4957264957264957,0.5087719298245614,0.48333333333333334,0.5375,0.48314606741573035,0.11764705882352941,0.09523809523809525,0.08695652173913043,0.10526315789473684,0.3146067415730337,0.45614035087719296,0.3823529411764706,0.45614035087719296,0.3291139240506329,0.35,0.2857142857142857
201307511,False,True,750,0,"201307511/general_config.generic_type_allowance=True,general_config.priming=False,general_config.token_limit=750/seed=0/201307511/eval_results/eval_metrics.yml",0.5957446808510638,0.7777777777777778,0.4827586206896552,0.5301204819277109,0.5042016806722689,0.5172413793103449,0.4918032786885246,0.5789473684210527,0.4888888888888889,0.11764705882352941,0.10810810810810811,0.1111111111111111,0.10526315789473684,0.3236994219653179,0.45614035087719296,0.38235294117647056,0.4482758620689655,0.3333333333333333,0.3684210526315789,0.28865979381443296
201307511,True,False,500,1,"201307511/general_config.generic_type_allowance=False,general_config.priming=True,general_config.token_limit=500/seed=1/201307511/eval_results/eval_metrics.yml",0.14814814814814817,0.2,0.11764705882352941,0.411764705882353,0.47706422018348627,0.5098039215686274,0.4482758620689655,0.45901639344262296,0.37333333333333335,0.11764705882352941,0.13793103448275862,0.2,0.10526315789473684,0.33749999999999997,0.43859649122807015,0.381679389312977,0.49019607843137253,0.3125,0.4426229508196721,0.2727272727272727
201307511,True,False,500,2,"201307511/general_config.generic_type_allowance=False,general_config.priming=True,general_config.token_limit=500/seed=2/201307511/eval_results/eval_metrics.yml",0.4705882352941176,0.7272727272727273,0.34782608695652173,0.39999999999999997,0.3736263736263736,0.5,0.2982456140350877,0.5555555555555556,0.3125,0.11764705882352941,0.13333333333333333,0.18181818181818182,0.10526315789473684,0.27941176470588236,0.2982456140350877,0.32075471698113206,0.5,0.2361111111111111,0.4222222222222222,0.2087912087912088
201307511,True,False,500,0,"201307511/general_config.generic_type_allowance=False,general_config.priming=True,general_config.token_limit=500/seed=0/201307511/eval_results/eval_metrics.yml",0.48780487804878053,0.625,0.4,0.44897959183673475,0.43396226415094336,0.5111111111111111,0.3770491803278688,0.5409836065573771,0.38372093023255816,0.11764705882352941,0.11428571428571428,0.125,0.10526315789473684,0.27450980392156865,0.3333333333333333,0.3220338983050847,0.4222222222222222,0.2602739726027397,0.3442622950819672,0.22826086956521738
201307511,False,False,500,1,"201307511/general_config.generic_type_allowance=False,general_config.priming=False,general_config.token_limit=500/seed=1/201307511/eval_results/eval_metrics.yml",0.47826086956521735,0.55,0.4230769230769231,0.5,0.5072463768115941,0.4794520547945205,0.5384615384615384,0.4946236559139785,0.5054945054945055,0.11764705882352941,0.10256410256410256,0.1,0.10526315789473684,0.3005181347150259,0.47368421052631576,0.35064935064935066,0.3698630136986301,0.3333333333333333,0.3118279569892473,0.29
201307511,False,False,500,2,"201307511/general_config.generic_type_allowance=False,general_config.priming=False,general_config.token_limit=500/seed=2/201307511/eval_results/eval_metrics.yml",0.5581395348837209,0.75,0.4444444444444444,0.53475935828877,0.5277777777777777,0.4935064935064935,0.5671641791044776,0.5376344086021505,0.5319148936170213,0.11764705882352941,0.11428571428571428,0.125,0.10526315789473684,0.3092783505154639,0.49122807017543857,0.35220125786163525,0.36363636363636365,0.34146341463414637,0.3225806451612903,0.297029702970297
201307511,False,False,500,0,"201307511/general_config.generic_type_allowance=False,general_config.priming=False,general_config.token_limit=500/seed=0/201307511/eval_results/eval_metrics.yml",0.4444444444444444,0.6153846153846154,0.34782608695652173,0.47435897435897434,0.4833333333333333,0.5,0.46774193548387094,0.5211267605633803,0.43529411764705883,0.11764705882352941,0.125,0.15384615384615385,0.10526315789473684,0.30952380952380953,0.42105263157894735,0.35294117647058826,0.41379310344827586,0.3076923076923077,0.36619718309859156,0.26804123711340205
201307511,True,True,500,1,"201307511/general_config.generic_type_allowance=True,general_config.priming=True,general_config.token_limit=500/seed=1/201307511/eval_results/eval_metrics.yml",0.6363636363636364,0.875,0.5,0.48750000000000004,0.43103448275862066,0.45454545454545453,0.4098360655737705,0.5492957746478874,0.43820224719101125,0.17647058823529413,0.16666666666666663,0.1875,0.15,0.2891566265060241,0.3684210526315789,0.3230769230769231,0.38181818181818183,0.28,0.3380281690140845,0.25263157894736843
201307511,True,True,500,2,"201307511/general_config.generic_type_allowance=True,general_config.priming=True,general_config.token_limit=500/seed=2/201307511/eval_results/eval_metrics.yml",0.5263157894736842,0.5882352941176471,0.47619047619047616,0.5402298850574713,0.5441176470588235,0.5138888888888888,0.578125,0.5280898876404494,0.5529411764705883,0.35294117647058826,0.3,0.35294117647058826,0.2608695652173913,0.3673469387755102,0.5263157894736842,0.3846153846153846,0.4166666666666667,0.35714285714285715,0.4044943820224719,0.3364485981308411
201307511,True,True,500,0,"201307511/general_config.generic_type_allowance=True,general_config.priming=True,general_config.token_limit=500/seed=0/201307511/eval_results/eval_metrics.yml",0.6382978723404256,0.8823529411764706,0.5,0.49689440993788825,0.43859649122807015,0.5,0.390625,0.5970149253731343,0.425531914893617,0.11764705882352941,0.1111111111111111,0.11764705882352941,0.10526315789473684,0.25157232704402516,0.3157894736842105,0.2926829268292683,0.36,0.2465753424657534,0.29850746268656714,0.21739130434782608
201307511,False,False,1000,1,"201307511/general_config.generic_type_allowance=False,general_config.priming=False,general_config.token_limit=1000/seed=1/201307511/eval_results/eval_metrics.yml",0.5641025641025641,0.7333333333333333,0.4583333333333333,0.5714285714285715,0.5737704918032787,0.5932203389830508,0.5555555555555556,0.6216216216216216,0.5287356321839081,0.23529411764705882,0.2222222222222222,0.26666666666666666,0.19047619047619047,0.37499999999999994,0.5087719298245614,0.41428571428571426,0.4915254237288136,0.35802469135802467,0.44594594594594594,0.3235294117647059
201307511,False,False,1000,2,"201307511/general_config.generic_type_allowance=False,general_config.priming=False,general_config.token_limit=1000/seed=2/201307511/eval_results/eval_metrics.yml",0.4210526315789474,0.5333333333333333,0.34782608695652173,0.4805194805194805,0.5,0.4915254237288136,0.5087719298245614,0.5,0.4625,0.11764705882352941,0.11764705882352941,0.13333333333333333,0.10526315789473684,0.3563218390804598,0.5087719298245614,0.41428571428571426,0.4915254237288136,0.35802469135802467,0.4189189189189189,0.31
201307511,False,False,1000,0,"201307511/general_config.generic_type_allowance=False,general_config.priming=False,general_config.token_limit=1000/seed=0/201307511/eval_results/eval_metrics.yml",0.5263157894736842,0.5882352941176471,0.47619047619047616,0.54320987654321,0.5483870967741935,0.5230769230769231,0.576271186440678,0.5365853658536586,0.55,0.35294117647058826,0.3,0.35294117647058826,0.2608695652173913,0.39790575916230364,0.5614035087719298,0.423841059602649,0.49230769230769234,0.37209302325581395,0.4634146341463415,0.3486238532110092
202719327,False,False,750,1,"202719327/general_config.generic_type_allowance=False,general_config.priming=False,general_config.token_limit=750/seed=1/202719327/eval_results/eval_metrics.yml",0.32653061224489793,0.36363636363636365,0.2962962962962963,0.45454545454545453,0.4966442953020134,0.4868421052631579,0.5068493150684932,0.45918367346938777,0.45,0.24,0.22641509433962262,0.2727272727272727,0.1935483870967742,0.3302752293577982,0.45454545454545453,0.36363636363636365,0.39473684210526316,0.33707865168539325,0.3673469387755102,0.3
202719327,False,False,750,2,"202719327/general_config.generic_type_allowance=False,general_config.priming=False,general_config.token_limit=750/seed=2/202719327/eval_results/eval_metrics.yml",0.3793103448275862,0.3548387096774194,0.4074074074074074,0.4532019704433498,0.48275862068965514,0.49295774647887325,0.47297297297297297,0.45098039215686275,0.45544554455445546,0.36,0.27692307692307694,0.2903225806451613,0.2647058823529412,0.3243243243243243,0.4090909090909091,0.34394904458598724,0.38028169014084506,0.313953488372093,0.35294117647058826,0.3
202719327,False,False,750,0,"202719327/general_config.generic_type_allowance=False,general_config.priming=False,general_config.token_limit=750/seed=0/202719327/eval_results/eval_metrics.yml",0.45454545454545453,0.625,0.35714285714285715,0.5025641025641026,0.5165562913907286,0.52,0.5131578947368421,0.5384615384615384,0.47115384615384615,0.28,0.2916666666666667,0.4375,0.21875,0.3412322274881517,0.4393939393939394,0.3558282208588957,0.38666666666666666,0.32954545454545453,0.3956043956043956,0.3
202719327,True,False,750,1,"202719327/general_config.generic_type_allowance=False,general_config.priming=True,general_config.token_limit=750/seed=1/202719327/eval_results/eval_metrics.yml",0.5,0.6,0.42857142857142855,0.5340909090909091,0.546875,0.6730769230769231,0.4605263157894737,0.6527777777777778,0.4519230769230769,0.36,0.34615384615384615,0.45,0.28125,0.3675675675675676,0.3787878787878788,0.37593984962406013,0.4807692307692308,0.30864197530864196,0.4722222222222222,0.3008849557522124
202719327,True,False,750,2,"202719327/general_config.generic_type_allowance=False,general_config.priming=True,general_config.token_limit=750/seed=2/202719327/eval_results/eval_metrics.yml",0.3636363636363636,0.42105263157894735,0.32,0.4078947368421053,0.42592592592592593,0.5476190476190477,0.3484848484848485,0.5081967213114754,0.34065934065934067,0.32,0.3076923076923077,0.42105263157894735,0.24242424242424243,0.35428571428571426,0.3484848484848485,0.3739837398373984,0.5476190476190477,0.2839506172839506,0.5081967213114754,0.2719298245614035
202719327,True,False,750,0,"202719327/general_config.generic_type_allowance=False,general_config.priming=True,general_config.token_limit=750/seed=0/202719327/eval_results/eval_metrics.yml",0.47058823529411764,0.48,0.46153846153846156,0.4733727810650888,0.4745762711864407,0.6363636363636364,0.3783783783783784,0.5797101449275363,0.4,0.44,0.3728813559322034,0.44,0.3235294117647059,0.33695652173913043,0.30303030303030304,0.31999999999999995,0.45454545454545453,0.24691358024691357,0.4492753623188406,0.26956521739130435
202719327,True,False,1000,1,"202719327/general_config.generic_type_allowance=False,general_config.priming=True,general_config.token_limit=1000/seed=1/202719327/eval_results/eval_metrics.yml",0.3902439024390244,0.5333333333333333,0.3076923076923077,0.3862068965517241,0.38461538461538464,0.6060606060606061,0.28169014084507044,0.5833333333333334,0.28865979381443296,0.28,0.2978723404255319,0.4666666666666667,0.21875,0.2802547770700637,0.22727272727272727,0.2727272727272727,0.45454545454545453,0.19480519480519481,0.4583333333333333,0.2018348623853211
202719327,True,False,1000,2,"202719327/general_config.generic_type_allowance=False,general_config.priming=True,general_config.token_limit=1000/seed=2/202719327/eval_results/eval_metrics.yml",0.23529411764705882,0.4444444444444444,0.16,0.36363636363636365,0.40366972477064217,0.6285714285714286,0.2972972972972973,0.5909090909090909,0.26262626262626265,0.16,0.21052631578947367,0.4444444444444444,0.13793103448275862,0.24657534246575347,0.21212121212121213,0.25925925925925924,0.4,0.1917808219178082,0.4090909090909091,0.17647058823529413
202719327,True,False,1000,0,"202719327/general_config.generic_type_allowance=False,general_config.priming=True,general_config.token_limit=1000/seed=0/202719327/eval_results/eval_metrics.yml",0.2222222222222222,0.36363636363636365,0.16,0.3802816901408451,0.4339622641509434,0.6388888888888888,0.32857142857142857,0.574468085106383,0.28421052631578947,0.16,0.2,0.36363636363636365,0.13793103448275862,0.2967741935483871,0.2878787878787879,0.33043478260869563,0.5277777777777778,0.24050632911392406,0.48936170212765956,0.21296296296296297
202719327,False,True,1000,1,"202719327/general_config.generic_type_allowance=True,general_config.priming=False,general_config.token_limit=1000/seed=1/202719327/eval_results/eval_metrics.yml",0.4489795918367347,0.55,0.3793103448275862,0.5,0.5179856115107914,0.5294117647058824,0.5070422535211268,0.5340909090909091,0.47,0.28,0.2692307692307692,0.35,0.21875,0.36538461538461536,0.4696969696969697,0.3974358974358975,0.45588235294117646,0.3522727272727273,0.4318181818181818,0.31666666666666665
202719327,False,True,1000,2,"202719327/general_config.generic_type_allowance=True,general_config.priming=False,general_config.token_limit=1000/seed=2/202719327/eval_results/eval_metrics.yml",0.5573770491803278,0.68,0.4722222222222222,0.5170731707317073,0.4999999999999999,0.5454545454545454,0.46153846153846156,0.5824175824175825,0.4649122807017544,0.24,0.21428571428571427,0.24,0.1935483870967742,0.2898550724637681,0.36363636363636365,0.31788079470198677,0.36363636363636365,0.2823529411764706,0.32967032967032966,0.25862068965517243
202719327,False,True,1000,0,"202719327/general_config.generic_type_allowance=True,general_config.priming=False,general_config.token_limit=1000/seed=0/202719327/eval_results/eval_metrics.yml",0.38095238095238093,0.375,0.3870967741935484,0.4239130434782608,0.44628099173553715,0.5,0.40298507462686567,0.45348837209302323,0.3979591836734694,0.24,0.19047619047619047,0.1875,0.1935483870967742,0.31683168316831684,0.3939393939393939,0.3741007194244605,0.48148148148148145,0.3058823529411765,0.37209302325581395,0.27586206896551724
202719327,True,False,250,1,"202719327/general_config.generic_type_allowance=False,general_config.priming=True,general_config.token_limit=250/seed=1/202719327/eval_results/eval_metrics.yml",0.45833333333333337,0.5789473684210527,0.3793103448275862,0.4117647058823529,0.3934426229508197,0.42857142857142855,0.36363636363636365,0.4666666666666667,0.3684210526315789,0.28,0.2745098039215686,0.3684210526315789,0.21875,0.3280423280423281,0.36363636363636365,0.34782608695652173,0.42857142857142855,0.2926829268292683,0.41333333333333333,0.2719298245614035
202719327,True,False,250,2,"202719327/general_config.generic_type_allowance=False,general_config.priming=True,general_config.token_limit=250/seed=2/202719327/eval_results/eval_metrics.yml",0.48000000000000004,0.5714285714285714,0.41379310344827586,0.44705882352941173,0.43333333333333335,0.52,0.37142857142857144,0.5352112676056338,0.3838383838383838,0.32,0.2962962962962963,0.38095238095238093,0.24242424242424243,0.32608695652173914,0.3333333333333333,0.3384615384615385,0.44,0.275,0.4225352112676056,0.26548672566371684
202719327,True,False,250,0,"202719327/general_config.generic_type_allowance=False,general_config.priming=True,general_config.token_limit=250/seed=0/202719327/eval_results/eval_metrics.yml",0.5079365079365079,0.5161290322580645,0.5,0.46739130434782605,0.4462809917355372,0.5294117647058824,0.38571428571428573,0.524390243902439,0.4215686274509804,0.36,0.27692307692307694,0.2903225806451613,0.2647058823529412,0.3282051282051282,0.3484848484848485,0.3538461538461539,0.45098039215686275,0.2911392405063291,0.3902439024390244,0.2831858407079646
202719327,True,True,1000,1,"202719327/general_config.generic_type_allowance=True,general_config.priming=True,general_config.token_limit=1000/seed=1/202719327/eval_results/eval_metrics.yml",0.35000000000000003,0.4666666666666667,0.28,0.3866666666666667,0.4,0.5945945945945946,0.3013698630136986,0.5576923076923077,0.29591836734693877,0.28,0.2978723404255319,0.4666666666666667,0.21875,0.27672955974842767,0.22727272727272727,0.26785714285714285,0.40540540540540543,0.2,0.4230769230769231,0.205607476635514
202719327,True,True,1000,2,"202719327/general_config.generic_type_allowance=True,general_config.priming=True,general_config.token_limit=1000/seed=2/202719327/eval_results/eval_metrics.yml",0.4285714285714286,0.6428571428571429,0.32142857142857145,0.40993788819875776,0.40336134453781514,0.5217391304347826,0.3287671232876712,0.55,0.32673267326732675,0.24,0.26666666666666666,0.42857142857142855,0.1935483870967742,0.27710843373493976,0.25757575757575757,0.28099173553719003,0.3695652173913043,0.22666666666666666,0.38333333333333336,0.2169811320754717
202719327,True,True,1000,0,"202719327/general_config.generic_type_allowance=True,general_config.priming=True,general_config.token_limit=1000/seed=0/202719327/eval_results/eval_metrics.yml",0.43478260869565216,0.5555555555555556,0.35714285714285715,0.3924050632911393,0.37500000000000006,0.5384615384615384,0.2876712328767123,0.543859649122807,0.3069306930693069,0.28,0.28,0.3888888888888889,0.21875,0.25925925925925924,0.21212121212121213,0.25,0.358974358974359,0.1917808219178082,0.3684210526315789,0.2
202719327,True,True,250,1,"202719327/general_config.generic_type_allowance=True,general_config.priming=True,general_config.token_limit=250/seed=1/202719327/eval_results/eval_metrics.yml",0.36734693877551017,0.391304347826087,0.34615384615384615,0.4766839378238342,0.5138888888888888,0.5606060606060606,0.47435897435897434,0.5168539325842697,0.4423076923076923,0.32,0.28571428571428575,0.34782608695652173,0.24242424242424243,0.3219512195121951,0.3787878787878788,0.3355704697986577,0.3787878787878788,0.30120481927710846,0.3707865168539326,0.28448275862068967
202719327,True,True,250,2,"202719327/general_config.generic_type_allowance=True,general_config.priming=True,general_config.token_limit=250/seed=2/202719327/eval_results/eval_metrics.yml",0.5901639344262296,0.6428571428571429,0.5454545454545454,0.588785046728972,0.5882352941176471,0.6164383561643836,0.5625,0.6237623762376238,0.5575221238938053,0.4,0.3174603174603175,0.35714285714285715,0.2857142857142857,0.36771300448430494,0.4696969696969697,0.38749999999999996,0.4246575342465753,0.3563218390804598,0.40594059405940597,0.3360655737704918
202719327,True,True,250,0,"202719327/general_config.generic_type_allowance=True,general_config.priming=True,general_config.token_limit=250/seed=0/202719327/eval_results/eval_metrics.yml",0.42553191489361697,0.47619047619047616,0.38461538461538464,0.5454545454545455,0.5802469135802469,0.618421052631579,0.5465116279069767,0.5876288659793815,0.5089285714285714,0.36,0.32727272727272727,0.42857142857142855,0.2647058823529412,0.33802816901408456,0.4090909090909091,0.3417721518987342,0.35526315789473684,0.32926829268292684,0.3711340206185567,0.3103448275862069
202719327,False,True,250,1,"202719327/general_config.generic_type_allowance=True,general_config.priming=False,general_config.token_limit=250/seed=1/202719327/eval_results/eval_metrics.yml",0.4615384615384615,0.3620689655172414,0.6363636363636364,0.5964912280701754,0.6454183266932271,0.5625,0.7570093457943925,0.504950495049505,0.7285714285714285,0.52,0.27368421052631575,0.22413793103448276,0.35135135135135137,0.31736526946107785,0.6060606060606061,0.33472803347280333,0.2777777777777778,0.42105263157894735,0.2623762376237624,0.4015151515151515
202719327,False,True,250,2,"202719327/general_config.generic_type_allowance=True,general_config.priming=False,general_config.token_limit=250/seed=2/202719327/eval_results/eval_metrics.yml",0.4473684210526315,0.37777777777777777,0.5483870967741935,0.6239067055393586,0.6741573033707865,0.6122448979591837,0.75,0.5572916666666666,0.7086092715231788,0.44,0.27848101265822783,0.24444444444444444,0.3235294117647059,0.2946708463949843,0.5454545454545454,0.3,0.24489795918367346,0.3870967741935484,0.24479166666666666,0.3700787401574803
202719327,False,True,250,0,"202719327/general_config.generic_type_allowance=True,general_config.priming=False,general_config.token_limit=250/seed=0/202719327/eval_results/eval_metrics.yml",0.39473684210526316,0.3333333333333333,0.4838709677419355,0.592375366568915,0.649056603773585,0.5771812080536913,0.7413793103448276,0.520618556701031,0.6870748299319728,0.36,0.2278481012658228,0.2,0.2647058823529412,0.2795031055900621,0.5454545454545454,0.2962962962962963,0.24161073825503357,0.3829787234042553,0.23195876288659795,0.3515625
202719327,True,True,750,1,"202719327/general_config.generic_type_allowance=True,general_config.priming=True,general_config.token_limit=750/seed=1/202719327/eval_results/eval_metrics.yml",0.40909090909090906,0.5,0.34615384615384615,0.4512195121951219,0.46666666666666673,0.6511627906976745,0.36363636363636365,0.6065573770491803,0.3592233009708738,0.32,0.3137254901960784,0.4444444444444444,0.24242424242424243,0.2958579881656805,0.25757575757575757,0.288135593220339,0.3953488372093023,0.22666666666666666,0.4098360655737705,0.23148148148148148
202719327,True,True,750,2,"202719327/general_config.generic_type_allowance=True,general_config.priming=True,general_config.token_limit=750/seed=2/202719327/eval_results/eval_metrics.yml",0.3333333333333333,0.5454545454545454,0.24,0.4216867469879518,0.4461538461538461,0.5087719298245614,0.3972602739726027,0.5147058823529411,0.35714285714285715,0.24,0.2857142857142857,0.5454545454545454,0.1935483870967742,0.3111111111111111,0.3333333333333333,0.3188405797101449,0.38596491228070173,0.2716049382716049,0.4117647058823529,0.25
202719327,True,True,750,0,"202719327/general_config.generic_type_allowance=True,general_config.priming=True,general_config.token_limit=750/seed=0/202719327/eval_results/eval_metrics.yml",0.3902439024390244,0.5333333333333333,0.3076923076923077,0.4725274725274725,0.4964539007092198,0.5833333333333334,0.43209876543209874,0.5733333333333334,0.40186915887850466,0.28,0.2978723404255319,0.4666666666666667,0.21875,0.2918918918918919,0.30303030303030304,0.2898550724637681,0.3333333333333333,0.2564102564102564,0.36,0.24545454545454545
202719327,False,True,500,1,"202719327/general_config.generic_type_allowance=True,general_config.priming=False,general_config.token_limit=500/seed=1/202719327/eval_results/eval_metrics.yml",0.7422680412371133,0.7659574468085106,0.72,0.6474820143884893,0.5966850828729281,0.5684210526315789,0.627906976744186,0.6338028169014085,0.6617647058823529,0.44,0.271604938271605,0.23404255319148937,0.3235294117647059,0.33834586466165417,0.5151515151515151,0.3675675675675676,0.35789473684210527,0.37777777777777777,0.31690140845070425,0.3629032258064516
202719327,False,True,500,2,"202719327/general_config.generic_type_allowance=True,general_config.priming=False,general_config.token_limit=500/seed=2/202719327/eval_results/eval_metrics.yml",0.7238095238095238,0.7307692307692307,0.7169811320754716,0.6147859922178989,0.5394736842105263,0.5256410256410257,0.5540540540540541,0.6076923076923076,0.6220472440944882,0.4,0.23529411764705882,0.19230769230769232,0.30303030303030304,0.3399209486166008,0.5,0.3928571428571428,0.4230769230769231,0.36666666666666664,0.33076923076923076,0.34959349593495936
202719327,False,True,500,0,"202719327/general_config.generic_type_allowance=True,general_config.priming=False,general_config.token_limit=500/seed=0/202719327/eval_results/eval_metrics.yml",0.3793103448275862,0.34375,0.4230769230769231,0.5020920502092051,0.5414364640883979,0.5,0.5903614457831325,0.46153846153846156,0.5504587155963303,0.4,0.3076923076923077,0.3125,0.30303030303030304,0.3333333333333333,0.48484848484848486,0.3422459893048128,0.32653061224489793,0.3595505617977528,0.3230769230769231,0.3442622950819672
202719327,False,False,250,1,"202719327/general_config.generic_type_allowance=False,general_config.priming=False,general_config.token_limit=250/seed=1/202719327/eval_results/eval_metrics.yml",0.380952380952381,0.3333333333333333,0.4444444444444444,0.5527272727272726,0.6037735849056605,0.5333333333333333,0.6956521739130435,0.48717948717948717,0.6386554621848739,0.4,0.28169014084507044,0.2777777777777778,0.2857142857142857,0.3380281690140845,0.5757575757575758,0.35680751173708913,0.31666666666666665,0.40860215053763443,0.3076923076923077,0.375
202719327,False,False,250,2,"202719327/general_config.generic_type_allowance=False,general_config.priming=False,general_config.token_limit=250/seed=2/202719327/eval_results/eval_metrics.yml",0.5074626865671642,0.5,0.5151515151515151,0.5873605947955391,0.6138613861386139,0.5535714285714286,0.6888888888888889,0.541095890410959,0.6422764227642277,0.36,0.2647058823529412,0.2647058823529412,0.2647058823529412,0.34306569343065696,0.5757575757575758,0.3689320388349515,0.3392857142857143,0.40425531914893614,0.3219178082191781,0.3671875
202719327,False,False,250,0,"202719327/general_config.generic_type_allowance=False,general_config.priming=False,general_config.token_limit=250/seed=0/202719327/eval_results/eval_metrics.yml",0.39285714285714285,0.3793103448275862,0.4074074074074074,0.5358490566037736,0.5741626794258373,0.5128205128205128,0.6521739130434783,0.4863013698630137,0.5966386554621849,0.36,0.28571428571428575,0.3103448275862069,0.2647058823529412,0.31734317343173435,0.5151515151515151,0.3269230769230769,0.2905982905982906,0.37362637362637363,0.2945205479452055,0.344
202719327,False,True,750,1,"202719327/general_config.generic_type_allowance=True,general_config.priming=False,general_config.token_limit=750/seed=1/202719327/eval_results/eval_metrics.yml",0.5507246376811594,0.5757575757575758,0.5277777777777778,0.5488372093023256,0.547945205479452,0.5970149253731343,0.5063291139240507,0.59,0.5130434782608696,0.32,0.24242424242424243,0.24242424242424243,0.24242424242424243,0.31674208144796373,0.4090909090909091,0.34838709677419355,0.40298507462686567,0.3068181818181818,0.35,0.2892561983471074
202719327,False,True,750,2,"202719327/general_config.generic_type_allowance=True,general_config.priming=False,general_config.token_limit=750/seed=2/202719327/eval_results/eval_metrics.yml",0.3928571428571428,0.4230769230769231,0.36666666666666664,0.47000000000000003,0.5,0.5142857142857142,0.4864864864864865,0.4895833333333333,0.4519230769230769,0.24,0.21052631578947367,0.23076923076923078,0.1935483870967742,0.31775700934579443,0.42424242424242425,0.356687898089172,0.4,0.3218390804597701,0.3541666666666667,0.288135593220339
202719327,False,True,750,0,"202719327/general_config.generic_type_allowance=True,general_config.priming=False,general_config.token_limit=750/seed=0/202719327/eval_results/eval_metrics.yml",0.409090909090909,0.5294117647058824,0.3333333333333333,0.49484536082474223,0.52,0.52,0.52,0.5217391304347826,0.47058823529411764,0.28,0.2857142857142857,0.4117647058823529,0.21875,0.35238095238095235,0.45454545454545453,0.3726708074534161,0.4,0.3488372093023256,0.40217391304347827,0.3135593220338983
202719327,True,False,500,1,"202719327/general_config.generic_type_allowance=False,general_config.priming=True,general_config.token_limit=500/seed=1/202719327/eval_results/eval_metrics.yml",0.21621621621621623,0.3333333333333333,0.16,0.4125,0.4715447154471545,0.6041666666666666,0.38666666666666666,0.55,0.33,0.16,0.1951219512195122,0.3333333333333333,0.13793103448275862,0.2874251497005988,0.30303030303030304,0.31746031746031744,0.4166666666666667,0.2564102564102564,0.4,0.22429906542056074
202719327,True,False,500,2,"202719327/general_config.generic_type_allowance=False,general_config.priming=True,general_config.token_limit=500/seed=2/202719327/eval_results/eval_metrics.yml",0.46808510638297873,0.6111111111111112,0.3793103448275862,0.5405405405405406,0.5652173913043479,0.65,0.5,0.6410256410256411,0.4672897196261682,0.28,0.28,0.3888888888888889,0.21875,0.3487179487179487,0.4090909090909091,0.3724137931034483,0.45,0.3176470588235294,0.4358974358974359,0.2905982905982906
202719327,True,False,500,0,"202719327/general_config.generic_type_allowance=False,general_config.priming=True,general_config.token_limit=500/seed=0/202719327/eval_results/eval_metrics.yml",0.21621621621621623,0.3333333333333333,0.16,0.42236024844720493,0.48387096774193544,0.6122448979591837,0.4,0.5573770491803278,0.34,0.16,0.1951219512195122,0.3333333333333333,0.13793103448275862,0.2958579881656805,0.3181818181818182,0.328125,0.42857142857142855,0.26582278481012656,0.4098360655737705,0.23148148148148148
202719327,False,False,500,1,"202719327/general_config.generic_type_allowance=False,general_config.priming=False,general_config.token_limit=500/seed=1/202719327/eval_results/eval_metrics.yml",0.5538461538461538,0.5625,0.5454545454545454,0.5800865800865802,0.5903614457831327,0.5697674418604651,0.6125,0.5677966101694916,0.5929203539823009,0.4,0.3076923076923077,0.3125,0.30303030303030304,0.37344398340248963,0.5303030303030303,0.39772727272727276,0.4069767441860465,0.3888888888888889,0.3813559322033898,0.36585365853658536
202719327,False,False,500,2,"202719327/general_config.generic_type_allowance=False,general_config.priming=False,general_config.token_limit=500/seed=2/202719327/eval_results/eval_metrics.yml",0.4444444444444445,0.5,0.4,0.5192307692307693,0.5454545454545455,0.5526315789473685,0.5384615384615384,0.54,0.5,0.28,0.25,0.2916666666666667,0.21875,0.334841628959276,0.45454545454545453,0.36363636363636365,0.39473684210526316,0.33707865168539325,0.37,0.30578512396694213
202719327,False,False,500,0,"202719327/general_config.generic_type_allowance=False,general_config.priming=False,general_config.token_limit=500/seed=0/202719327/eval_results/eval_metrics.yml",0.5915492957746479,0.6176470588235294,0.5675675675675675,0.5789473684210527,0.5732484076433121,0.5625,0.5844155844155844,0.5789473684210527,0.5789473684210527,0.36,0.27272727272727276,0.2647058823529412,0.28125,0.3644067796610169,0.5151515151515151,0.3999999999999999,0.425,0.37777777777777777,0.37719298245614036,0.3524590163934426
202719327,True,True,500,1,"202719327/general_config.generic_type_allowance=True,general_config.priming=True,general_config.token_limit=500/seed=1/202719327/eval_results/eval_metrics.yml",0.35000000000000003,0.4666666666666667,0.28,0.4482758620689655,0.47761194029850745,0.5245901639344263,0.4383561643835616,0.5131578947368421,0.3979591836734694,0.28,0.2978723404255319,0.4666666666666667,0.21875,0.3386243386243386,0.3787878787878788,0.352112676056338,0.4098360655737705,0.30864197530864196,0.42105263157894735,0.2831858407079646
202719327,True,True,500,2,"202719327/general_config.generic_type_allowance=True,general_config.priming=True,general_config.token_limit=500/seed=2/202719327/eval_results/eval_metrics.yml",0.5,0.5384615384615384,0.4666666666666667,0.46994535519125685,0.4566929133858268,0.5370370370370371,0.3972602739726027,0.5375,0.4174757281553398,0.36,0.3050847457627119,0.34615384615384615,0.2727272727272727,0.3212435233160622,0.3333333333333333,0.32835820895522394,0.4074074074074074,0.275,0.3875,0.2743362831858407
202719327,True,True,500,0,"202719327/general_config.generic_type_allowance=True,general_config.priming=True,general_config.token_limit=500/seed=0/202719327/eval_results/eval_metrics.yml",0.358974358974359,0.5,0.28,0.47567567567567565,0.5068493150684932,0.5441176470588235,0.47435897435897434,0.5365853658536586,0.42718446601941745,0.28,0.30434782608695654,0.5,0.21875,0.3282051282051282,0.3787878787878788,0.3355704697986577,0.36764705882352944,0.30864197530864196,0.3902439024390244,0.2831858407079646
202719327,False,False,1000,1,"202719327/general_config.generic_type_allowance=False,general_config.priming=False,general_config.token_limit=1000/seed=1/202719327/eval_results/eval_metrics.yml",0.3111111111111111,0.3888888888888889,0.25925925925925924,0.40462427745664736,0.4375,0.45161290322580644,0.42424242424242425,0.4375,0.3763440860215054,0.2,0.20833333333333334,0.2777777777777778,0.16666666666666666,0.33673469387755106,0.42424242424242425,0.3783783783783784,0.45161290322580644,0.32558139534883723,0.4125,0.28448275862068967
202719327,False,False,1000,2,"202719327/general_config.generic_type_allowance=False,general_config.priming=False,general_config.token_limit=1000/seed=2/202719327/eval_results/eval_metrics.yml",0.3333333333333333,0.5454545454545454,0.24,0.4216867469879518,0.4461538461538461,0.48333333333333334,0.4142857142857143,0.49295774647887325,0.3684210526315789,0.24,0.2857142857142857,0.5454545454545454,0.1935483870967742,0.3333333333333333,0.3787878787878788,0.3472222222222222,0.4166666666666667,0.2976190476190476,0.43661971830985913,0.26956521739130435
202719327,False,False,1000,0,"202719327/general_config.generic_type_allowance=False,general_config.priming=False,general_config.token_limit=1000/seed=0/202719327/eval_results/eval_metrics.yml",0.3703703703703704,0.4166666666666667,0.3333333333333333,0.446927374301676,0.4799999999999999,0.5454545454545454,0.42857142857142855,0.5063291139240507,0.4,0.2,0.1851851851851852,0.20833333333333334,0.16666666666666666,0.32124352331606215,0.3939393939393939,0.37410071942446044,0.4727272727272727,0.30952380952380953,0.3924050632911392,0.2719298245614035
198967567,False,False,750,1,"198967567/general_config.generic_type_allowance=False,general_config.priming=False,general_config.token_limit=750/seed=1/198967567/eval_results/eval_metrics.yml",0.6666666666666666,0.6363636363636364,0.7,0.5510204081632654,0.5371428571428571,0.5595238095238095,0.5164835164835165,0.5684210526315789,0.5346534653465347,0.5,0.3,0.2727272727272727,0.3333333333333333,0.39090909090909093,0.47619047619047616,0.39999999999999997,0.47619047619047616,0.3448275862068966,0.45263157894736844,0.344
198967567,False,False,750,2,"198967567/general_config.generic_type_allowance=False,general_config.priming=False,general_config.token_limit=750/seed=2/198967567/eval_results/eval_metrics.yml",0.7199999999999999,0.6923076923076923,0.75,0.5812807881773399,0.5617977528089887,0.5882352941176471,0.5376344086021505,0.6020408163265306,0.5619047619047619,0.5,0.27272727272727276,0.23076923076923078,0.3333333333333333,0.39285714285714285,0.4880952380952381,0.4059405940594059,0.4823529411764706,0.3504273504273504,0.4489795918367347,0.3492063492063492
198967567,False,False,750,0,"198967567/general_config.generic_type_allowance=False,general_config.priming=False,general_config.token_limit=750/seed=0/198967567/eval_results/eval_metrics.yml",0.5263157894736842,0.45454545454545453,0.625,0.5641025641025641,0.5681818181818182,0.6024096385542169,0.5376344086021505,0.5851063829787234,0.5445544554455446,0.5,0.3,0.2727272727272727,0.3333333333333333,0.4018264840182648,0.4880952380952381,0.41206030150753775,0.4939759036144578,0.35344827586206895,0.46808510638297873,0.352
198967567,True,False,750,1,"198967567/general_config.generic_type_allowance=False,general_config.priming=True,general_config.token_limit=750/seed=1/198967567/eval_results/eval_metrics.yml",0.5882352941176471,0.5555555555555556,0.625,0.40816326530612246,0.38461538461538464,0.6097560975609756,0.2808988764044944,0.6,0.30927835051546393,0.5,0.3333333333333333,0.3333333333333333,0.3333333333333333,0.2911392405063291,0.23809523809523808,0.28571428571428575,0.4878048780487805,0.20202020202020202,0.46,0.21296296296296297
198967567,True,False,750,2,"198967567/general_config.generic_type_allowance=False,general_config.priming=True,general_config.token_limit=750/seed=2/198967567/eval_results/eval_metrics.yml",0.3333333333333333,0.25,0.5,0.3357664233576642,0.3361344537815126,0.5714285714285714,0.23809523809523808,0.48936170212765956,0.25555555555555554,0.5,0.28571428571428575,0.25,0.3333333333333333,0.2987012987012987,0.23809523809523808,0.3007518796992481,0.5714285714285714,0.20408163265306123,0.48936170212765956,0.21495327102803738
198967567,True,False,750,0,"198967567/general_config.generic_type_allowance=False,general_config.priming=True,general_config.token_limit=750/seed=0/198967567/eval_results/eval_metrics.yml",0.4,0.3333333333333333,0.5,0.40522875816993464,0.4057971014492754,0.5384615384615384,0.32558139534883723,0.5081967213114754,0.33695652173913043,0.5,0.3333333333333333,0.3333333333333333,0.3333333333333333,0.3333333333333333,0.30952380952380953,0.3333333333333333,0.5,0.25,0.47540983606557374,0.25663716814159293
198967567,True,False,1000,1,"198967567/general_config.generic_type_allowance=False,general_config.priming=True,general_config.token_limit=1000/seed=1/198967567/eval_results/eval_metrics.yml",0.5333333333333333,0.5,0.5714285714285714,0.3857142857142857,0.36800000000000005,0.5609756097560976,0.27380952380952384,0.5510204081632653,0.2967032967032967,0.5,0.35294117647058826,0.375,0.3333333333333333,0.32911392405063294,0.27380952380952384,0.32624113475177313,0.5609756097560976,0.23,0.5306122448979592,0.23853211009174313
198967567,True,False,1000,2,"198967567/general_config.generic_type_allowance=False,general_config.priming=True,general_config.token_limit=1000/seed=2/198967567/eval_results/eval_metrics.yml",0.5714285714285714,0.5714285714285714,0.5714285714285714,0.30158730158730157,0.26785714285714285,0.5555555555555556,0.17647058823529413,0.5588235294117647,0.20652173913043478,0.5,0.375,0.42857142857142855,0.3333333333333333,0.24817518248175183,0.16666666666666666,0.23140495867768593,0.5185185185185185,0.14893617021276595,0.5,0.1650485436893204
198967567,True,False,1000,0,"198967567/general_config.generic_type_allowance=False,general_config.priming=True,general_config.token_limit=1000/seed=0/198967567/eval_results/eval_metrics.yml",0.5555555555555556,0.5555555555555556,0.5555555555555556,0.2439024390243902,0.19047619047619047,0.5,0.11764705882352941,0.5172413793103449,0.1595744680851064,0.3333333333333333,0.23529411764705882,0.2222222222222222,0.25,0.17460317460317462,0.10714285714285714,0.1651376146788991,0.45,0.10112359550561797,0.3793103448275862,0.1134020618556701
198967567,False,True,1000,1,"198967567/general_config.generic_type_allowance=True,general_config.priming=False,general_config.token_limit=1000/seed=1/198967567/eval_results/eval_metrics.yml",0.6363636363636364,0.5384615384615384,0.7777777777777778,0.5434782608695652,0.5308641975308643,0.5972222222222222,0.4777777777777778,0.5882352941176471,0.5050505050505051,0.6666666666666666,0.34782608695652173,0.3076923076923077,0.4,0.3942307692307692,0.44047619047619047,0.39999999999999997,0.5138888888888888,0.3274336283185841,0.4823529411764706,0.3333333333333333
198967567,False,True,1000,2,"198967567/general_config.generic_type_allowance=True,general_config.priming=False,general_config.token_limit=1000/seed=2/198967567/eval_results/eval_metrics.yml",0.6666666666666666,0.6666666666666666,0.6666666666666666,0.5172413793103448,0.5,0.5571428571428572,0.45348837209302323,0.569620253164557,0.47368421052631576,0.5,0.3333333333333333,0.3333333333333333,0.3333333333333333,0.4,0.44047619047619047,0.40659340659340654,0.5285714285714286,0.33035714285714285,0.5063291139240507,0.3305785123966942
198967567,False,True,1000,0,"198967567/general_config.generic_type_allowance=True,general_config.priming=False,general_config.token_limit=1000/seed=0/198967567/eval_results/eval_metrics.yml",0.6857142857142857,0.6,0.8,0.5,0.45517241379310347,0.559322033898305,0.38372093023255816,0.569620253164557,0.44554455445544555,0.5,0.20689655172413793,0.15,0.3333333333333333,0.34693877551020413,0.36904761904761907,0.3712574850299401,0.5254237288135594,0.28703703703703703,0.43037974683544306,0.2905982905982906
198967567,True,False,250,1,"198967567/general_config.generic_type_allowance=False,general_config.priming=True,general_config.token_limit=250/seed=1/198967567/eval_results/eval_metrics.yml",0.631578947368421,0.6,0.6666666666666666,0.5130890052356021,0.5,0.5512820512820513,0.4574468085106383,0.5568181818181818,0.47572815533980584,0.5,0.3157894736842105,0.3,0.3333333333333333,0.34615384615384615,0.39285714285714285,0.34920634920634924,0.4230769230769231,0.2972972972972973,0.4090909090909091,0.3
198967567,True,False,250,2,"198967567/general_config.generic_type_allowance=False,general_config.priming=True,general_config.token_limit=250/seed=2/198967567/eval_results/eval_metrics.yml",0.7,0.7,0.7,0.5222222222222221,0.5,0.5882352941176471,0.43478260869565216,0.6025641025641025,0.46078431372549017,0.5,0.3157894736842105,0.3,0.3333333333333333,0.3571428571428571,0.38095238095238093,0.3615819209039548,0.47058823529411764,0.29357798165137616,0.44871794871794873,0.2966101694915254
198967567,True,False,250,0,"198967567/general_config.generic_type_allowance=False,general_config.priming=True,general_config.token_limit=250/seed=0/198967567/eval_results/eval_metrics.yml",0.6956521739130435,0.6153846153846154,0.8,0.5161290322580646,0.4907975460122699,0.5633802816901409,0.43478260869565216,0.5714285714285714,0.47058823529411764,0.6666666666666666,0.34782608695652173,0.3076923076923077,0.4,0.35467980295566504,0.38095238095238093,0.35555555555555557,0.4507042253521127,0.29357798165137616,0.42857142857142855,0.3025210084033613
198967567,True,True,1000,1,"198967567/general_config.generic_type_allowance=True,general_config.priming=True,general_config.token_limit=1000/seed=1/198967567/eval_results/eval_metrics.yml",0.6666666666666666,0.6666666666666666,0.6666666666666666,0.4109589041095891,0.375,0.5581395348837209,0.2823529411764706,0.5769230769230769,0.3191489361702128,0.5,0.3333333333333333,0.3333333333333333,0.3333333333333333,0.32098765432098764,0.27380952380952384,0.3194444444444445,0.5348837209302325,0.22772277227722773,0.5,0.23636363636363636
198967567,True,True,1000,2,"198967567/general_config.generic_type_allowance=True,general_config.priming=True,general_config.token_limit=1000/seed=2/198967567/eval_results/eval_metrics.yml",0.5714285714285714,0.5714285714285714,0.5714285714285714,0.40277777777777785,0.38461538461538464,0.5681818181818182,0.29069767441860467,0.5686274509803921,0.3118279569892473,0.5,0.375,0.42857142857142855,0.3333333333333333,0.32298136645962733,0.27380952380952384,0.31724137931034485,0.5227272727272727,0.22772277227722773,0.5098039215686274,0.23636363636363636
198967567,True,True,1000,0,"198967567/general_config.generic_type_allowance=True,general_config.priming=True,general_config.token_limit=1000/seed=0/198967567/eval_results/eval_metrics.yml",0.6666666666666666,0.6666666666666666,0.6666666666666666,0.3945578231292517,0.3565891472868217,0.5348837209302325,0.26744186046511625,0.5576923076923077,0.30526315789473685,0.5,0.3333333333333333,0.3333333333333333,0.3333333333333333,0.2981366459627329,0.25,0.2937062937062937,0.4883720930232558,0.21,0.46153846153846156,0.22018348623853212
198967567,True,True,250,1,"198967567/general_config.generic_type_allowance=True,general_config.priming=True,general_config.token_limit=250/seed=1/198967567/eval_results/eval_metrics.yml",0.5,0.4117647058823529,0.6363636363636364,0.5106382978723405,0.5120772946859904,0.5047619047619047,0.5196078431372549,0.4918032786885246,0.5309734513274337,0.3333333333333333,0.15999999999999998,0.11764705882352941,0.25,0.3057851239669422,0.4166666666666667,0.3225806451612903,0.3333333333333333,0.3125,0.30327868852459017,0.30833333333333335
198967567,True,True,250,2,"198967567/general_config.generic_type_allowance=True,general_config.priming=True,general_config.token_limit=250/seed=2/198967567/eval_results/eval_metrics.yml",0.5,0.5,0.5,0.47441860465116276,0.4723618090452262,0.47474747474747475,0.47,0.4766355140186916,0.4722222222222222,0.3333333333333333,0.25,0.25,0.25,0.29596412556053814,0.36904761904761907,0.29951690821256044,0.31313131313131315,0.28703703703703703,0.308411214953271,0.28448275862068967
198967567,True,True,250,0,"198967567/general_config.generic_type_allowance=True,general_config.priming=True,general_config.token_limit=250/seed=0/198967567/eval_results/eval_metrics.yml",0.30769230769230765,0.2222222222222222,0.5,0.536964980544747,0.5627705627705627,0.5508474576271186,0.5752212389380531,0.5073529411764706,0.5702479338842975,0.3333333333333333,0.15384615384615383,0.1111111111111111,0.25,0.29571984435797666,0.42857142857142855,0.3116883116883117,0.3050847457627119,0.3185840707964602,0.27941176470588236,0.3140495867768595
198967567,False,True,250,1,"198967567/general_config.generic_type_allowance=True,general_config.priming=False,general_config.token_limit=250/seed=1/198967567/eval_results/eval_metrics.yml",0.5531914893617021,0.40625,0.8666666666666667,0.6257309941520469,0.6372881355932204,0.5251396648044693,0.8103448275862069,0.5071090047393365,0.816793893129771,0.6666666666666666,0.19047619047619047,0.125,0.4,0.3707865168539326,0.7380952380952381,0.39490445859872614,0.3463687150837989,0.45925925925925926,0.3127962085308057,0.45517241379310347
198967567,False,True,250,2,"198967567/general_config.generic_type_allowance=True,general_config.priming=False,general_config.token_limit=250/seed=2/198967567/eval_results/eval_metrics.yml",0.2702702702702703,0.16666666666666666,0.7142857142857143,0.6507462686567165,0.697986577181208,0.611764705882353,0.8125,0.545,0.8074074074074075,0.6666666666666666,0.2,0.13333333333333333,0.4,0.37209302325581395,0.7142857142857143,0.3947368421052632,0.35294117647058826,0.44776119402985076,0.32,0.4444444444444444
198967567,False,True,250,0,"198967567/general_config.generic_type_allowance=True,general_config.priming=False,general_config.token_limit=250/seed=0/198967567/eval_results/eval_metrics.yml",0.44897959183673475,0.3055555555555556,0.8461538461538461,0.6409495548961424,0.6736111111111112,0.5739644970414202,0.8151260504201681,0.526829268292683,0.8181818181818182,0.6666666666666666,0.1739130434782609,0.1111111111111111,0.4,0.37606837606837606,0.7380952380952381,0.40655737704918027,0.3668639053254438,0.45588235294117646,0.32195121951219513,0.4520547945205479
198967567,True,True,750,1,"198967567/general_config.generic_type_allowance=True,general_config.priming=True,general_config.token_limit=750/seed=1/198967567/eval_results/eval_metrics.yml",0.5,0.45454545454545453,0.5555555555555556,0.3660130718954248,0.3458646616541354,0.5,0.26436781609195403,0.49122807017543857,0.2916666666666667,0.3333333333333333,0.2105263157894737,0.18181818181818182,0.25,0.2716049382716049,0.23809523809523808,0.27972027972027974,0.43478260869565216,0.20618556701030927,0.38596491228070173,0.20952380952380953
198967567,True,True,750,2,"198967567/general_config.generic_type_allowance=True,general_config.priming=True,general_config.token_limit=750/seed=2/198967567/eval_results/eval_metrics.yml",0.5263157894736842,0.45454545454545453,0.625,0.4347826086956521,0.4225352112676056,0.5357142857142857,0.3488372093023256,0.5223880597014925,0.3723404255319149,0.5,0.3,0.2727272727272727,0.3333333333333333,0.33879781420765026,0.3333333333333333,0.3435582822085889,0.5,0.2616822429906542,0.4626865671641791,0.2672413793103448
198967567,True,True,750,0,"198967567/general_config.generic_type_allowance=True,general_config.priming=True,general_config.token_limit=750/seed=0/198967567/eval_results/eval_metrics.yml",0.5882352941176471,0.5555555555555556,0.625,0.47337278106508873,0.4605263157894737,0.5645161290322581,0.3888888888888889,0.5633802816901409,0.40816326530612246,0.5,0.3333333333333333,0.3333333333333333,0.3333333333333333,0.34042553191489366,0.34523809523809523,0.3411764705882353,0.46774193548387094,0.26851851851851855,0.4507042253521127,0.27350427350427353
198967567,False,True,500,1,"198967567/general_config.generic_type_allowance=True,general_config.priming=False,general_config.token_limit=500/seed=1/198967567/eval_results/eval_metrics.yml",0.46153846153846156,0.35294117647058826,0.6666666666666666,0.5446009389671361,0.5561497326203207,0.5416666666666666,0.5714285714285714,0.5132743362831859,0.58,0.5,0.23076923076923078,0.17647058823529413,0.3333333333333333,0.39669421487603307,0.5357142857142857,0.4166666666666667,0.46875,0.375,0.4247787610619469,0.37209302325581395
198967567,False,True,500,2,"198967567/general_config.generic_type_allowance=True,general_config.priming=False,general_config.token_limit=500/seed=2/198967567/eval_results/eval_metrics.yml",0.6666666666666667,0.5882352941176471,0.7692307692307693,0.5633802816901408,0.5464480874316939,0.5434782608695652,0.5494505494505495,0.5504587155963303,0.5769230769230769,0.5,0.23076923076923078,0.17647058823529413,0.3333333333333333,0.3865546218487395,0.5119047619047619,0.40566037735849053,0.4673913043478261,0.35833333333333334,0.42201834862385323,0.35658914728682173
198967567,False,True,500,0,"198967567/general_config.generic_type_allowance=True,general_config.priming=False,general_config.token_limit=500/seed=0/198967567/eval_results/eval_metrics.yml",0.6206896551724138,0.5625,0.6923076923076923,0.5,0.4808743169398907,0.4888888888888889,0.4731182795698925,0.5,0.5,0.3333333333333333,0.16666666666666666,0.125,0.25,0.3274336283185841,0.4166666666666667,0.34653465346534656,0.3888888888888889,0.3125,0.3490566037735849,0.30833333333333335
198967567,False,False,250,1,"198967567/general_config.generic_type_allowance=False,general_config.priming=False,general_config.token_limit=250/seed=1/198967567/eval_results/eval_metrics.yml",0.6428571428571429,0.6,0.6923076923076923,0.5468749999999999,0.5350877192982456,0.48412698412698413,0.5980392156862745,0.49645390070921985,0.6086956521739131,0.3333333333333333,0.1739130434782609,0.13333333333333333,0.25,0.3370786516853933,0.5119047619047619,0.35245901639344257,0.3412698412698413,0.3644067796610169,0.3191489361702128,0.35714285714285715
198967567,False,False,250,2,"198967567/general_config.generic_type_allowance=False,general_config.priming=False,general_config.token_limit=250/seed=2/198967567/eval_results/eval_metrics.yml",0.5217391304347826,0.46153846153846156,0.6,0.5080645161290321,0.5066666666666667,0.4634146341463415,0.5588235294117647,0.4632352941176471,0.5625,0.3333333333333333,0.1904761904761905,0.15384615384615385,0.25,0.3153846153846154,0.4642857142857143,0.3263598326359833,0.3170731707317073,0.33620689655172414,0.3014705882352941,0.33064516129032256
198967567,False,False,250,0,"198967567/general_config.generic_type_allowance=False,general_config.priming=False,general_config.token_limit=250/seed=0/198967567/eval_results/eval_metrics.yml",0.7857142857142856,0.7333333333333333,0.8461538461538461,0.6327272727272726,0.6153846153846154,0.5277777777777778,0.7378640776699029,0.5471698113207547,0.75,0.6666666666666666,0.32,0.26666666666666666,0.4,0.40397350993377484,0.6785714285714286,0.4115523465703971,0.3958333333333333,0.42857142857142855,0.3836477987421384,0.42657342657342656
198967567,False,True,750,1,"198967567/general_config.generic_type_allowance=True,general_config.priming=False,general_config.token_limit=750/seed=1/198967567/eval_results/eval_metrics.yml",0.6666666666666666,0.7,0.6363636363636364,0.5539906103286384,0.5416666666666667,0.5842696629213483,0.5048543689320388,0.5959595959595959,0.5175438596491229,0.3333333333333333,0.22222222222222224,0.2,0.25,0.32407407407407407,0.39285714285714285,0.33333333333333337,0.3707865168539326,0.30275229357798167,0.35353535353535354,0.29914529914529914
198967567,False,True,750,2,"198967567/general_config.generic_type_allowance=True,general_config.priming=False,general_config.token_limit=750/seed=2/198967567/eval_results/eval_metrics.yml",0.631578947368421,0.6,0.6666666666666666,0.6066350710900474,0.6041666666666666,0.6304347826086957,0.58,0.6274509803921569,0.5871559633027523,0.5,0.3157894736842105,0.3,0.3333333333333333,0.3964757709251101,0.5,0.4038461538461538,0.45652173913043476,0.3620689655172414,0.4411764705882353,0.36
198967567,False,True,750,0,"198967567/general_config.generic_type_allowance=True,general_config.priming=False,general_config.token_limit=750/seed=0/198967567/eval_results/eval_metrics.yml",0.4,0.3333333333333333,0.5,0.5809523809523809,0.5948717948717949,0.6105263157894737,0.58,0.5865384615384616,0.5754716981132075,0.5,0.3333333333333333,0.3333333333333333,0.3333333333333333,0.3913043478260869,0.5,0.39622641509433965,0.4421052631578947,0.358974358974359,0.4326923076923077,0.35714285714285715
198967567,True,False,500,1,"198967567/general_config.generic_type_allowance=False,general_config.priming=True,general_config.token_limit=500/seed=1/198967567/eval_results/eval_metrics.yml",0.42857142857142855,0.375,0.5,0.40277777777777773,0.39999999999999997,0.5909090909090909,0.3023255813953488,0.5576923076923077,0.31521739130434784,0.5,0.35294117647058826,0.375,0.3333333333333333,0.3333333333333333,0.2857142857142857,0.3310344827586207,0.5454545454545454,0.2376237623762376,0.5192307692307693,0.24545454545454545
198967567,True,False,500,2,"198967567/general_config.generic_type_allowance=False,general_config.priming=True,general_config.token_limit=500/seed=2/198967567/eval_results/eval_metrics.yml",0.625,0.625,0.625,0.4246575342465753,0.4,0.5777777777777777,0.3058823529411765,0.5849056603773585,0.3333333333333333,0.5,0.35294117647058826,0.375,0.3333333333333333,0.3414634146341463,0.2976190476190476,0.3401360544217687,0.5555555555555556,0.24509803921568626,0.5283018867924528,0.25225225225225223
198967567,True,False,500,0,"198967567/general_config.generic_type_allowance=False,general_config.priming=True,general_config.token_limit=500/seed=0/198967567/eval_results/eval_metrics.yml",0.42857142857142855,0.375,0.5,0.3661971830985915,0.359375,0.5227272727272727,0.27380952380952384,0.5,0.28888888888888886,0.5,0.35294117647058826,0.375,0.3333333333333333,0.32298136645962733,0.27380952380952384,0.3194444444444445,0.5227272727272727,0.23,0.5,0.23853211009174313
198967567,False,False,500,1,"198967567/general_config.generic_type_allowance=False,general_config.priming=False,general_config.token_limit=500/seed=1/198967567/eval_results/eval_metrics.yml",0.4666666666666667,0.35,0.7,0.5527638190954773,0.5680473372781065,0.631578947368421,0.5161290322580645,0.5729166666666666,0.5339805825242718,0.5,0.20689655172413793,0.15,0.3333333333333333,0.3835616438356165,0.4642857142857143,0.4105263157894737,0.5131578947368421,0.34210526315789475,0.4375,0.34146341463414637
198967567,False,False,500,2,"198967567/general_config.generic_type_allowance=False,general_config.priming=False,general_config.token_limit=500/seed=2/198967567/eval_results/eval_metrics.yml",0.7,0.7,0.7,0.55,0.5333333333333333,0.5274725274725275,0.5393258426966292,0.5445544554455446,0.5555555555555556,0.5,0.3157894736842105,0.3,0.3333333333333333,0.4035087719298246,0.5119047619047619,0.4114832535885167,0.4725274725274725,0.3644067796610169,0.45544554455445546,0.36220472440944884
198967567,False,False,500,0,"198967567/general_config.generic_type_allowance=False,general_config.priming=False,general_config.token_limit=500/seed=0/198967567/eval_results/eval_metrics.yml",0.5882352941176471,0.625,0.5555555555555556,0.47619047619047616,0.46511627906976744,0.5,0.43478260869565216,0.5113636363636364,0.44554455445544555,0.3333333333333333,0.25,0.25,0.25,0.33333333333333337,0.38095238095238093,0.3404255319148936,0.4,0.2962962962962963,0.38636363636363635,0.29310344827586204
198967567,True,True,500,1,"198967567/general_config.generic_type_allowance=True,general_config.priming=True,general_config.token_limit=500/seed=1/198967567/eval_results/eval_metrics.yml",0.6666666666666666,0.6666666666666666,0.6666666666666666,0.5164835164835165,0.5,0.5466666666666666,0.4606741573033708,0.5595238095238095,0.47959183673469385,0.5,0.3333333333333333,0.3333333333333333,0.3333333333333333,0.3804878048780488,0.42857142857142855,0.38502673796791453,0.48,0.32142857142857145,0.4642857142857143,0.32231404958677684
198967567,True,True,500,2,"198967567/general_config.generic_type_allowance=True,general_config.priming=True,general_config.token_limit=500/seed=2/198967567/eval_results/eval_metrics.yml",0.7,0.7,0.7,0.5319148936170212,0.5119047619047619,0.5375,0.48863636363636365,0.5555555555555556,0.5102040816326531,0.5,0.3157894736842105,0.3,0.3333333333333333,0.3906976744186047,0.4642857142857143,0.3979591836734694,0.4875,0.33620689655172414,0.4666666666666667,0.336
198967567,True,True,500,0,"198967567/general_config.generic_type_allowance=True,general_config.priming=True,general_config.token_limit=500/seed=0/198967567/eval_results/eval_metrics.yml",0.28571428571428575,0.25,0.3333333333333333,0.41530054644808745,0.4260355029585799,0.5070422535211268,0.3673469387755102,0.4810126582278481,0.36538461538461536,0.3333333333333333,0.25,0.25,0.25,0.25668449197860965,0.2619047619047619,0.2573099415204678,0.30985915492957744,0.22,0.3037974683544304,0.2222222222222222
198967567,False,False,1000,1,"198967567/general_config.generic_type_allowance=False,general_config.priming=False,general_config.token_limit=1000/seed=1/198967567/eval_results/eval_metrics.yml",0.6666666666666666,0.6666666666666666,0.6666666666666666,0.5232558139534884,0.5064935064935064,0.6,0.43820224719101125,0.6081081081081081,0.45918367346938777,0.5,0.3333333333333333,0.3333333333333333,0.3333333333333333,0.383419689119171,0.40476190476190477,0.38857142857142857,0.5230769230769231,0.3090909090909091,0.5,0.31092436974789917
198967567,False,False,1000,2,"198967567/general_config.generic_type_allowance=False,general_config.priming=False,general_config.token_limit=1000/seed=2/198967567/eval_results/eval_metrics.yml",0.5882352941176471,0.625,0.5555555555555556,0.36942675159235666,0.34285714285714286,0.4444444444444444,0.27906976744186046,0.46774193548387094,0.30526315789473685,0.3333333333333333,0.25,0.25,0.25,0.2807017543859649,0.2619047619047619,0.2838709677419355,0.4074074074074074,0.21782178217821782,0.3870967741935484,0.22018348623853212
198967567,False,False,1000,0,"198967567/general_config.generic_type_allowance=False,general_config.priming=False,general_config.token_limit=1000/seed=0/198967567/eval_results/eval_metrics.yml",0.6666666666666666,0.6666666666666666,0.6666666666666666,0.42857142857142855,0.3970588235294118,0.54,0.313953488372093,0.559322033898305,0.3473684210526316,0.5,0.3333333333333333,0.3333333333333333,0.3333333333333333,0.32748538011695905,0.2976190476190476,0.32679738562091504,0.5,0.24271844660194175,0.4745762711864407,0.25
